日期,股票代码,名称,收盘价,最高价,最低价,开盘价,前收盘,涨跌额,涨跌幅,换手率,成交量,成交金额,总市值,流通市值
2017/5/19,'000001,平安银行,8.69,8.76,8.68,8.74,8.73,-0.04,-0.4582,0.1739,29427084,256396867.6,1.49E+11,1.47E+11
2017/5/18,'000001,平安银行,8.73,8.77,8.71,8.72,8.77,-0.04,-0.4561,0.1344,22740112,198765579.8,1.50E+11,1.48E+11
2017/5/17,'000001,平安银行,8.77,8.81,8.75,8.81,8.84,-0.07,-0.7919,0.2467,41733802,365987542.6,1.51E+11,1.48E+11
2017/5/16,'000001,平安银行,8.84,8.85,8.73,8.84,8.86,-0.02,-0.2257,0.3102,52487233,461069301,1.52E+11,1.50E+11
2017/5/15,'000001,平安银行,8.86,8.95,8.81,8.89,8.9,-0.04,-0.4494,0.3172,53657821,476417671.7,1.52E+11,1.50E+11
2017/5/12,'000001,平安银行,8.9,8.9,8.64,8.68,8.7,0.2,2.2989,0.5426,91796819,809131900.1,1.53E+11,1.51E+11
2017/5/11,'000001,平安银行,8.7,8.72,8.6,8.65,8.67,0.03,0.346,0.2977,50364355,436444282.3,1.49E+11,1.47E+11
2017/5/10,'000001,平安银行,8.67,8.8,8.62,8.63,8.64,0.03,0.3472,0.3387,57307768,498675307.8,1.49E+11,1.47E+11
2017/5/9,'000001,平安银行,8.64,8.64,8.55,8.56,8.57,0.07,0.8168,0.1916,32419446,279119676.5,1.48E+11,1.46E+11
2017/5/8,'000001,平安银行,8.57,8.62,8.54,8.6,8.63,-0.06,-0.6952,0.272,46008989,394424117.2,1.47E+11,1.45E+11
2017/5/5,'000001,平安银行,8.63,8.76,8.58,8.74,8.74,-0.11,-1.2586,0.3687,62370085,539541739.9,1.48E+11,1.46E+11
2017/5/4,'000001,平安银行,8.74,8.89,8.72,8.89,8.91,-0.17,-1.908,0.4117,69651707,613783434.3,1.50E+11,1.48E+11
2017/5/3,'000001,平安银行,8.91,8.93,8.89,8.92,8.94,-0.03,-0.3356,0.1657,28031077,249660877.2,1.53E+11,1.51E+11
2017/5/2,'000001,平安银行,8.94,8.96,8.9,8.96,8.99,-0.05,-0.5562,0.1838,31102610,277665881.7,1.54E+11,1.51E+11
2017/4/28,'000001,平安银行,8.99,8.99,8.92,8.96,8.97,0.02,0.223,0.1693,28644636,256106698.7,1.54E+11,1.52E+11
2017/4/27,'000001,平安银行,8.97,8.98,8.91,8.97,8.99,-0.02,-0.2225,0.229,38739256,346186989.9,1.54E+11,1.52E+11
2017/4/26,'000001,平安银行,8.99,9.01,8.96,9,9,-0.01,-0.1111,0.2259,38214706,343316092.5,1.54E+11,1.52E+11
2017/4/25,'000001,平安银行,9,9.01,8.93,8.93,8.93,0.07,0.7839,0.2234,37793334,339230144,1.55E+11,1.52E+11
2017/4/24,'000001,平安银行,8.93,8.98,8.89,8.97,8.97,-0.04,-0.4459,0.2335,39499527,352926394.7,1.53E+11,1.51E+11
2017/4/21,'000001,平安银行,8.97,8.99,8.9,8.92,8.92,0.05,0.5605,0.1923,32540817,291126076.2,1.54E+11,1.52E+11
2017/4/20,'000001,平安银行,8.92,8.94,8.89,8.9,8.91,0.01,0.1122,0.2587,43762999,390063543.8,1.53E+11,1.51E+11
2017/4/19,'000001,平安银行,8.91,9.04,8.9,9.03,9.05,-0.14,-1.547,0.4727,79966857,714963673.1,1.53E+11,1.51E+11
2017/4/18,'000001,平安银行,9.05,9.1,9.05,9.09,9.1,-0.05,-0.5495,0.1982,33537696,304162860.3,1.55E+11,1.53E+11
2017/4/17,'000001,平安银行,9.1,9.11,9.05,9.08,9.08,0.02,0.2203,0.3144,53189218,483130499.7,1.56E+11,1.54E+11
2017/4/14,'000001,平安银行,9.08,9.12,9.06,9.11,9.12,-0.04,-0.4386,0.2899,49050050,445637458.1,1.56E+11,1.54E+11
2017/4/13,'000001,平安银行,9.12,9.14,9.1,9.11,9.12,0,0,0.2113,35744255,325949861.1,1.57E+11,1.54E+11
2017/4/12,'000001,平安银行,9.12,9.17,9.1,9.16,9.15,-0.03,-0.3279,0.2691,45533653,416101249,1.57E+11,1.54E+11
2017/4/11,'000001,平安银行,9.15,9.19,9.09,9.17,9.18,-0.03,-0.3268,0.362,61243796,560304072.9,1.57E+11,1.55E+11
2017/4/10,'000001,平安银行,9.18,9.21,9.17,9.2,9.2,-0.02,-0.2174,0.2372,40134394,368682024.9,1.58E+11,1.55E+11
2017/4/7,'000001,平安银行,9.2,9.22,9.17,9.19,9.2,0,0,0.3043,51484476,473366404.5,1.58E+11,1.56E+11
2017/4/6,'000001,平安银行,9.2,9.22,9.17,9.2,9.21,-0.01,-0.1086,0.2568,43439147,399118983.4,1.58E+11,1.56E+11
2017/4/5,'000001,平安银行,9.21,9.22,9.15,9.16,9.17,0.04,0.4362,0.295,49915009,458567834.2,1.58E+11,1.56E+11
2017/3/31,'000001,平安银行,9.17,9.18,9.08,9.08,9.08,0.09,0.9912,0.3742,63312122,578579035.1,1.57E+11,1.55E+11
2017/3/30,'000001,平安银行,9.08,9.12,9.06,9.12,9.11,-0.03,-0.3293,0.4062,68728555,623995512.8,1.56E+11,1.54E+11
2017/3/29,'000001,平安银行,9.11,9.15,9.09,9.13,9.12,-0.01,-0.1096,0.3553,60114068,548060693,1.56E+11,1.54E+11
2017/3/28,'000001,平安银行,9.12,9.17,9.1,9.16,9.14,-0.02,-0.2188,0.2845,48137276,439405816.2,1.57E+11,1.54E+11
2017/3/27,'000001,平安银行,9.14,9.19,9.08,9.12,9.19,-0.05,-0.5441,0.5822,98501205,900094460.9,1.57E+11,1.55E+11
2017/3/24,'000001,平安银行,9.19,9.24,9.16,9.2,9.2,-0.01,-0.1087,0.4202,71082787,653533829.9,1.58E+11,1.55E+11
2017/3/23,'000001,平安银行,9.2,9.24,9.15,9.16,9.16,0.04,0.4367,0.2563,43358829,398986562.1,1.58E+11,1.56E+11
2017/3/22,'000001,平安银行,9.16,9.22,9.14,9.2,9.24,-0.08,-0.8658,0.3346,56612363,519331026.3,1.57E+11,1.55E+11
2017/3/21,'000001,平安银行,9.24,9.26,9.2,9.25,9.25,-0.01,-0.1081,0.3278,55464874,511914333.1,1.59E+11,1.56E+11
2017/3/20,'000001,平安银行,9.25,9.31,9.22,9.29,9.31,-0.06,-0.6445,0.4226,71502177,661887015.1,1.59E+11,1.56E+11
2017/3/17,'000001,平安银行,9.31,9.46,9.3,9.45,9.52,-0.21,-2.2059,0.9361,158364708,1482736995,1.60E+11,1.58E+11
2017/3/16,'000001,平安银行,9.52,9.53,9.45,9.48,9.48,0.04,0.4219,0.3759,63595381,603450064.1,1.63E+11,1.61E+11
2017/3/15,'000001,平安银行,9.48,9.48,9.42,9.42,9.44,0.04,0.4237,0.3231,54656086,515943748.1,1.63E+11,1.60E+11
2017/3/14,'000001,平安银行,9.44,9.46,9.41,9.43,9.44,0,0,0.2391,40448435,381594067,1.62E+11,1.60E+11
2017/3/13,'000001,平安银行,9.44,9.45,9.37,9.39,9.4,0.04,0.4255,0.3223,54530444,513148481,1.62E+11,1.60E+11
2017/3/10,'000001,平安银行,9.4,9.41,9.36,9.38,9.38,0.02,0.2132,0.2306,39018225,366140052.2,1.61E+11,1.59E+11
2017/3/9,'000001,平安银行,9.38,9.43,9.36,9.41,9.42,-0.04,-0.4246,0.2235,37816992,354813687.5,1.61E+11,1.59E+11
2017/3/8,'000001,平安银行,9.42,9.45,9.4,9.43,9.45,-0.03,-0.3175,0.1445,24443839,230425150.5,1.62E+11,1.59E+11
2017/3/7,'000001,平安银行,9.45,9.46,9.4,9.44,9.45,0,0,0.1742,29467282,277747415.4,1.62E+11,1.60E+11
2017/3/6,'000001,平安银行,9.45,9.46,9.39,9.4,9.4,0.05,0.5319,0.2391,40451138,381212304.2,1.62E+11,1.60E+11
2017/3/3,'000001,平安银行,9.4,9.43,9.36,9.41,9.43,-0.03,-0.3181,0.2025,34265508,321952549.2,1.61E+11,1.59E+11
2017/3/2,'000001,平安银行,9.43,9.54,9.42,9.51,9.49,-0.06,-0.6322,0.2386,40362870,382395883.8,1.62E+11,1.60E+11
2017/3/1,'000001,平安银行,9.49,9.55,9.47,9.49,9.48,0.01,0.1055,0.2051,34699373,330157963.4,1.63E+11,1.61E+11
2017/2/28,'000001,平安银行,9.48,9.51,9.42,9.43,9.43,0.05,0.5302,0.2185,36971970,350366892.5,1.63E+11,1.60E+11
2017/2/27,'000001,平安银行,9.43,9.5,9.42,9.5,9.5,-0.07,-0.7368,0.2408,40734112,384781015.7,1.62E+11,1.60E+11
2017/2/24,'000001,平安银行,9.5,9.54,9.48,9.5,9.51,-0.01,-0.1052,0.1965,33250014,316020789.4,1.63E+11,1.61E+11
2017/2/23,'000001,平安银行,9.51,9.57,9.48,9.55,9.57,-0.06,-0.627,0.1982,33532781,319293836.6,1.63E+11,1.61E+11
2017/2/22,'000001,平安银行,9.57,9.57,9.5,9.57,9.57,0,0,0.2737,46296611,441528339.7,1.64E+11,1.62E+11
2017/2/21,'000001,平安银行,9.57,9.62,9.54,9.55,9.56,0.01,0.1046,0.3822,64658421,618761069.3,1.64E+11,1.62E+11
2017/2/20,'000001,平安银行,9.56,9.58,9.4,9.4,9.39,0.17,1.8104,0.5312,89875539,855710805.5,1.64E+11,1.62E+11
2017/2/17,'000001,平安银行,9.39,9.49,9.37,9.46,9.46,-0.07,-0.74,0.2505,42377497,400161795.1,1.61E+11,1.59E+11
2017/2/16,'000001,平安银行,9.46,9.5,9.42,9.45,9.45,0.01,0.1058,0.243,41116113,388636225.2,1.62E+11,1.60E+11
2017/2/15,'000001,平安银行,9.45,9.54,9.39,9.4,9.4,0.05,0.5319,0.4472,75661306,716759655.3,1.62E+11,1.60E+11
2017/2/14,'000001,平安银行,9.4,9.42,9.37,9.41,9.41,-0.01,-0.1063,0.2142,36240460,340318431.4,1.61E+11,1.59E+11
2017/2/13,'000001,平安银行,9.41,9.44,9.33,9.34,9.33,0.08,0.8574,0.3773,63836475,599951024.3,1.62E+11,1.59E+11
2017/2/10,'000001,平安银行,9.33,9.36,9.31,9.32,9.31,0.02,0.2148,0.2853,48274323,450701345.3,1.60E+11,1.58E+11
2017/2/9,'000001,平安银行,9.31,9.33,9.28,9.3,9.3,0.01,0.1075,0.2027,34285513,319201023.3,1.60E+11,1.58E+11
2017/2/8,'000001,平安银行,9.3,9.3,9.24,9.29,9.3,0,0,0.213,36027242,333975401.8,1.60E+11,1.57E+11
2017/2/7,'000001,平安银行,9.3,9.32,9.27,9.31,9.31,-0.01,-0.1074,0.2346,39688497,368755274.2,1.60E+11,1.57E+11
2017/2/6,'000001,平安银行,9.31,9.32,9.26,9.26,9.26,0.05,0.54,0.3055,51678611,480441331,1.60E+11,1.58E+11
2017/2/3,'000001,平安银行,9.26,9.36,9.23,9.34,9.33,-0.07,-0.7503,0.1865,31547224,292617943.3,1.59E+11,1.57E+11
2017/1/26,'000001,平安银行,9.33,9.34,9.26,9.27,9.26,0.07,0.7559,0.2487,42071258,391844286.2,1.60E+11,1.58E+11
2017/1/25,'000001,平安银行,9.26,9.28,9.25,9.27,9.27,-0.01,-0.1079,0.1799,30440196,281976294.1,1.59E+11,1.57E+11
2017/1/24,'000001,平安银行,9.27,9.28,9.2,9.23,9.22,0.05,0.5423,0.278,47024408,434787729.1,1.59E+11,1.57E+11
2017/1/23,'000001,平安银行,9.22,9.26,9.2,9.22,9.22,0,0,0.2484,42029931,388019072.6,1.58E+11,1.56E+11
2017/1/20,'000001,平安银行,9.22,9.23,9.17,9.17,9.18,0.04,0.4357,0.2325,39332857,361865155.1,1.58E+11,1.56E+11
2017/1/19,'000001,平安银行,9.18,9.24,9.15,9.15,9.17,0.01,0.1091,0.2587,43771286,402445639.3,1.58E+11,1.55E+11
2017/1/18,'000001,平安银行,9.17,9.19,9.13,9.14,9.15,0.02,0.2186,0.3394,57426939,526426595.7,1.57E+11,1.55E+11
2017/1/17,'000001,平安银行,9.15,9.16,9.1,9.12,9.14,0.01,0.1094,0.3225,54555237,498179703.2,1.57E+11,1.55E+11
2017/1/16,'000001,平安银行,9.14,9.16,9.07,9.15,9.16,-0.02,-0.2183,0.4038,68316586,623025820.3,1.57E+11,1.55E+11
2017/1/13,'000001,平安银行,9.16,9.19,9.12,9.14,9.15,0.01,0.1093,0.2567,43430137,397601906.3,1.57E+11,1.55E+11
2017/1/12,'000001,平安银行,9.15,9.17,9.13,9.13,9.14,0.01,0.1094,0.253,42800677,391869402.8,1.57E+11,1.55E+11
2017/1/11,'000001,平安银行,9.14,9.17,9.13,9.14,9.15,-0.01,-0.1093,0.1794,30343089,277553207.3,1.57E+11,1.55E+11
2017/1/10,'000001,平安银行,9.15,9.16,9.14,9.15,9.15,0,0,0.1425,24105395,220575132,1.57E+11,1.55E+11
2017/1/9,'000001,平安银行,9.15,9.17,9.11,9.13,9.13,0.02,0.2191,0.2134,36108157,329994604,1.57E+11,1.55E+11
2017/1/6,'000001,平安银行,9.13,9.17,9.11,9.17,9.17,-0.04,-0.4362,0.2448,35815420,327176433.9,1.57E+11,1.34E+11
2017/1/5,'000001,平安银行,9.17,9.18,9.15,9.17,9.16,0.01,0.1092,0.2354,34437291,315769693.5,1.57E+11,1.34E+11
2017/1/4,'000001,平安银行,9.16,9.18,9.14,9.15,9.16,0,0,0.3071,44932953,411503444,1.57E+11,1.34E+11
2017/1/3,'000001,平安银行,9.16,9.18,9.09,9.11,9.1,0.06,0.6593,0.3143,45984049,420595176.5,1.57E+11,1.34E+11
2016/12/30,'000001,平安银行,9.1,9.1,9.06,9.08,9.08,0.02,0.2203,0.2068,30260736,274882698.5,1.56E+11,1.33E+11
2016/12/29,'000001,平安银行,9.08,9.09,9.05,9.07,9.06,0.02,0.2208,0.2315,33875853,307183503.3,1.56E+11,1.33E+11
2016/12/28,'000001,平安银行,9.06,9.11,9.04,9.08,9.08,-0.02,-0.2203,0.2297,33605509,304898614,1.56E+11,1.33E+11
2016/12/27,'000001,平安银行,9.08,9.13,9.07,9.12,9.12,-0.04,-0.4386,0.1837,26884124,244788273.9,1.56E+11,1.33E+11
2016/12/26,'000001,平安银行,9.12,9.13,9.02,9.06,9.08,0.04,0.4405,0.2064,30205896,273934287.2,1.57E+11,1.33E+11
2016/12/23,'000001,平安银行,9.08,9.14,9.07,9.14,9.14,-0.06,-0.6565,0.2617,38291216,348140451.4,1.56E+11,1.33E+11
2016/12/22,'000001,平安银行,9.14,9.16,9.11,9.15,9.16,-0.02,-0.2183,0.2333,34134124,311546856.9,1.57E+11,1.34E+11
2016/12/21,'000001,平安银行,9.16,9.16,9.11,9.12,9.11,0.05,0.5488,0.2528,36992065,338201446.5,1.57E+11,1.34E+11
2016/12/20,'000001,平安银行,9.11,9.2,9.08,9.2,9.2,-0.09,-0.9783,0.4351,63663837,580118167.7,1.56E+11,1.33E+11
2016/12/19,'000001,平安银行,9.2,9.23,9.17,9.22,9.25,-0.05,-0.5405,0.3376,49401064,453899744.4,1.58E+11,1.35E+11
2016/12/16,'000001,平安银行,9.25,9.29,9.21,9.24,9.25,0,0,0.2712,39681397,366925349.3,1.59E+11,1.35E+11
2016/12/15,'000001,平安银行,9.25,9.41,9.21,9.37,9.4,-0.15,-1.5957,0.5656,82761287,767751835.6,1.59E+11,1.35E+11
2016/12/14,'000001,平安银行,9.4,9.51,9.4,9.42,9.42,-0.02,-0.2123,0.4085,59770574,564787516.5,1.61E+11,1.38E+11
2016/12/13,'000001,平安银行,9.42,9.5,9.33,9.48,9.5,-0.08,-0.8421,0.4414,64577157,607769965.6,1.62E+11,1.38E+11
2016/12/12,'000001,平安银行,9.5,9.77,9.44,9.65,9.65,-0.15,-1.5544,0.859,125687400,1206662617,1.63E+11,1.39E+11
2016/12/9,'000001,平安银行,9.65,9.75,9.48,9.5,9.52,0.13,1.3655,1.0349,151419915,1460778328,1.66E+11,1.41E+11
2016/12/8,'000001,平安银行,9.52,9.55,9.43,9.5,9.48,0.04,0.4219,0.4589,67145216,638058504.1,1.63E+11,1.39E+11
2016/12/7,'000001,平安银行,9.48,9.49,9.41,9.48,9.49,-0.01,-0.1054,0.3372,49340476,466085503.4,1.63E+11,1.39E+11
2016/12/6,'000001,平安银行,9.49,9.52,9.45,9.48,9.46,0.03,0.3171,0.4121,60290276,571585177.5,1.63E+11,1.39E+11
2016/12/5,'000001,平安银行,9.46,9.54,9.41,9.5,9.55,-0.09,-0.9424,0.5224,76436570,723222053.6,1.62E+11,1.38E+11
2016/12/2,'000001,平安银行,9.55,9.6,9.44,9.6,9.6,-0.05,-0.5208,0.5671,82968650,790044441.9,1.64E+11,1.40E+11
2016/12/1,'000001,平安银行,9.6,9.63,9.55,9.57,9.55,0.05,0.5236,0.4415,64600437,619633746.9,1.65E+11,1.40E+11
2016/11/30,'000001,平安银行,9.55,9.72,9.5,9.65,9.62,-0.07,-0.7277,0.7012,102596305,985758449.8,1.64E+11,1.40E+11
2016/11/29,'000001,平安银行,9.62,9.7,9.55,9.59,9.63,-0.01,-0.1038,0.6068,88777923,854308658.4,1.65E+11,1.41E+11
2016/11/28,'000001,平安银行,9.63,9.78,9.6,9.69,9.62,0.01,0.104,0.8746,127968924,1240686234,1.65E+11,1.41E+11
2016/11/25,'000001,平安银行,9.62,9.62,9.46,9.48,9.47,0.15,1.5839,0.6928,101367499,968127766.3,1.65E+11,1.41E+11
2016/11/24,'000001,平安银行,9.47,9.52,9.42,9.44,9.45,0.02,0.2116,0.5329,77974884,738580569.3,1.63E+11,1.39E+11
2016/11/23,'000001,平安银行,9.45,9.56,9.34,9.34,9.36,0.09,0.9615,1.198,175286943,1660465709,1.62E+11,1.38E+11
2016/11/22,'000001,平安银行,9.36,9.36,9.23,9.24,9.24,0.12,1.2987,0.8067,118025694,1097408714,1.61E+11,1.37E+11
2016/11/21,'000001,平安银行,9.24,9.28,9.17,9.18,9.18,0.06,0.6536,0.5811,85024326,785475676.6,1.59E+11,1.35E+11
2016/11/18,'000001,平安银行,9.18,9.21,9.16,9.21,9.21,-0.03,-0.3257,0.3538,51759734,475289972.5,1.58E+11,1.34E+11
2016/11/17,'000001,平安银行,9.21,9.22,9.18,9.22,9.23,-0.02,-0.2167,0.3454,50532402,464611128.4,1.58E+11,1.35E+11
2016/11/16,'000001,平安银行,9.23,9.24,9.2,9.23,9.23,0,0,0.2842,41584240,383425739.9,1.58E+11,1.35E+11
2016/11/15,'000001,平安银行,9.23,9.24,9.18,9.2,9.22,0.01,0.1085,0.3789,55434298,510596178.4,1.58E+11,1.35E+11
2016/11/14,'000001,平安银行,9.22,9.25,9.16,9.16,9.18,0.04,0.4357,0.6664,97507875,898058354,1.58E+11,1.35E+11
2016/11/11,'000001,平安银行,9.18,9.18,9.11,9.14,9.14,0.04,0.4376,0.5552,81226969,742969896.6,1.58E+11,1.34E+11
2016/11/10,'000001,平安银行,9.14,9.16,9.1,9.1,9.07,0.07,0.7718,0.432,63199874,576898452.7,1.57E+11,1.34E+11
2016/11/9,'000001,平安银行,9.07,9.14,9.01,9.14,9.15,-0.08,-0.8743,0.4939,72261671,656061960.7,1.56E+11,1.33E+11
2016/11/8,'000001,平安银行,9.15,9.15,9.1,9.12,9.12,0.03,0.3289,0.5514,80669498,736747217.1,1.57E+11,1.34E+11
2016/11/7,'000001,平安银行,9.12,9.12,9.07,9.1,9.11,0.01,0.1098,0.3398,49724012,452447930.6,1.57E+11,1.33E+11
2016/11/4,'000001,平安银行,9.11,9.17,9.1,9.11,9.13,-0.02,-0.2191,0.3473,50811757,463831938.6,1.56E+11,1.33E+11
2016/11/3,'000001,平安银行,9.13,9.14,9.05,9.06,9.07,0.06,0.6615,0.4216,61687113,561464947.2,1.57E+11,1.34E+11
2016/11/2,'000001,平安银行,9.07,9.14,9.05,9.14,9.14,-0.07,-0.7659,0.433,63358600,576083788.2,1.56E+11,1.33E+11
2016/11/1,'000001,平安银行,9.14,9.16,9.11,9.14,9.15,-0.01,-0.1093,0.3591,52541566,480117542.3,1.57E+11,1.34E+11
2016/10/31,'000001,平安银行,9.15,9.16,9.09,9.15,9.17,-0.02,-0.2181,0.3374,49359683,450148883.1,1.57E+11,1.34E+11
2016/10/28,'000001,平安银行,9.17,9.23,9.14,9.16,9.16,0.01,0.1092,0.3704,54199774,497615050.8,1.57E+11,1.34E+11
2016/10/27,'000001,平安银行,9.16,9.17,9.12,9.16,9.15,0.01,0.1093,0.2215,32414055,296216914.8,1.57E+11,1.34E+11
2016/10/26,'000001,平安银行,9.15,9.22,9.13,9.22,9.21,-0.06,-0.6515,0.301,44045213,403750809.1,1.57E+11,1.34E+11
2016/10/25,'000001,平安银行,9.21,9.26,9.18,9.25,9.24,-0.03,-0.3247,0.3423,50075292,461542701.1,1.58E+11,1.35E+11
2016/10/24,'000001,平安银行,9.24,9.3,9.12,9.13,9.13,0.11,1.2048,0.6258,91567704,844746080.6,1.59E+11,1.35E+11
2016/10/21,'000001,平安银行,9.13,9.13,9.06,9.08,9.07,0.06,0.6615,0.4674,68389677,621549845,1.57E+11,1.34E+11
2016/10/20,'000001,平安银行,9.07,9.09,9.05,9.08,9.08,-0.01,-0.1101,0.2343,34284457,310966016.7,1.56E+11,1.33E+11
2016/10/19,'000001,平安银行,9.08,9.11,9.05,9.09,9.09,-0.01,-0.11,0.3299,48263616,438299029.5,1.56E+11,1.33E+11
2016/10/18,'000001,平安银行,9.09,9.09,9.03,9.03,9.05,0.04,0.442,0.4058,59373709,537784120.4,1.56E+11,1.33E+11
2016/10/17,'000001,平安银行,9.05,9.09,9.03,9.08,9.09,-0.04,-0.44,0.2455,35922316,325582450.3,1.55E+11,1.32E+11
2016/10/14,'000001,平安银行,9.09,9.09,9.04,9.06,9.07,0.02,0.2205,0.2292,33541176,304218676.8,1.56E+11,1.33E+11
2016/10/13,'000001,平安银行,9.07,9.11,9.05,9.08,9.13,-0.06,-0.6572,0.4322,63236796,574142476.3,1.56E+11,1.33E+11
2016/10/12,'000001,平安银行,9.13,9.16,9.12,9.14,9.15,-0.02,-0.2186,0.1848,27031620,246995531,1.57E+11,1.34E+11
2016/10/11,'000001,平安银行,9.15,9.15,9.11,9.13,9.12,0.03,0.3289,0.2484,36337078,331886515.5,1.57E+11,1.34E+11
2016/10/10,'000001,平安银行,9.12,9.17,9.08,9.1,9.07,0.05,0.5513,0.4179,61138159,557122276.5,1.57E+11,1.33E+11
2016/9/30,'000001,平安银行,9.07,9.1,9.05,9.06,9.06,0.01,0.1104,0.2106,30808486,279526475.6,1.56E+11,1.33E+11
2016/9/29,'000001,平安银行,9.06,9.08,9.05,9.05,9.05,0.01,0.1105,0.2075,30366429,275239667.4,1.56E+11,1.33E+11
2016/9/28,'000001,平安银行,9.05,9.06,9.03,9.06,9.06,-0.01,-0.1104,0.1855,27136600,245499467.9,1.55E+11,1.32E+11
2016/9/27,'000001,平安银行,9.06,9.07,9.01,9.04,9.04,0.02,0.2212,0.2743,40132367,362769231,1.56E+11,1.33E+11
2016/9/26,'000001,平安银行,9.04,9.13,9.04,9.13,9.15,-0.11,-1.2022,0.3004,43948186,398771864.9,1.55E+11,1.32E+11
2016/9/23,'000001,平安银行,9.15,9.19,9.14,9.16,9.16,-0.01,-0.1092,0.1974,28879877,264699513.1,1.57E+11,1.34E+11
2016/9/22,'000001,平安银行,9.16,9.18,9.09,9.1,9.08,0.08,0.8811,0.3381,49461323,451909020.5,1.57E+11,1.34E+11
2016/9/21,'000001,平安银行,9.08,9.1,9.03,9.08,9.08,0,0,0.2773,40566533,367767497.5,1.56E+11,1.33E+11
2016/9/20,'000001,平安银行,9.08,9.12,9.04,9.12,9.12,-0.04,-0.4386,0.2985,43667897,396359321.3,1.56E+11,1.33E+11
2016/9/19,'000001,平安银行,9.12,9.14,9.05,9.05,9.06,0.06,0.6623,0.2422,35434870,322575925.9,1.57E+11,1.33E+11
2016/9/14,'000001,平安银行,9.06,9.18,9.05,9.17,9.19,-0.13,-1.4146,0.2881,42148125,384081266.5,1.56E+11,1.33E+11
2016/9/13,'000001,平安银行,9.19,9.21,9.14,9.18,9.16,0.03,0.3275,0.315,46093142,423113832,1.58E+11,1.34E+11
2016/9/12,'000001,平安银行,9.16,9.32,9.13,9.29,9.38,-0.22,-2.3454,0.5171,75658173,697759184.1,1.57E+11,1.34E+11
2016/9/9,'000001,平安银行,9.38,9.43,9.36,9.4,9.4,-0.02,-0.2128,0.2238,32743143,307527271.2,1.61E+11,1.37E+11
2016/9/8,'000001,平安银行,9.4,9.42,9.38,9.39,9.4,0,0,0.2018,29521845,277503757.8,1.61E+11,1.38E+11
2016/9/7,'000001,平安银行,9.4,9.42,9.37,9.41,9.41,-0.01,-0.1063,0.314,45937329,431984158.6,1.61E+11,1.38E+11
2016/9/6,'000001,平安银行,9.41,9.43,9.36,9.42,9.42,-0.01,-0.1062,0.3928,57473833,539813283.6,1.62E+11,1.38E+11
2016/9/5,'000001,平安银行,9.42,9.46,9.4,9.46,9.45,-0.03,-0.3175,0.3212,46993656,443204803.6,1.62E+11,1.38E+11
2016/9/2,'000001,平安银行,9.45,9.46,9.42,9.43,9.45,0,0,0.2521,36879633,348054367.1,1.62E+11,1.38E+11
2016/9/1,'000001,平安银行,9.45,9.52,9.42,9.49,9.49,-0.04,-0.4215,0.3282,48013121,454848634.3,1.62E+11,1.38E+11
2016/8/31,'000001,平安银行,9.49,9.5,9.43,9.46,9.47,0.02,0.2112,0.3347,48974676,463875762.9,1.63E+11,1.39E+11
2016/8/30,'000001,平安银行,9.47,9.47,9.41,9.42,9.42,0.05,0.5308,0.4067,59508123,561854066.3,1.63E+11,1.39E+11
2016/8/29,'000001,平安银行,9.42,9.45,9.38,9.41,9.45,-0.03,-0.3175,0.3863,56523188,532295362,1.62E+11,1.38E+11
2016/8/26,'000001,平安银行,9.45,9.47,9.4,9.45,9.44,0.01,0.1059,0.3433,50223385,473688076.6,1.62E+11,1.38E+11
2016/8/25,'000001,平安银行,9.44,9.45,9.34,9.42,9.43,0.01,0.106,0.422,61738960,580648481.9,1.62E+11,1.38E+11
2016/8/24,'000001,平安银行,9.43,9.43,9.38,9.41,9.4,0.03,0.3191,0.5005,73228127,688971683.1,1.62E+11,1.38E+11
2016/8/23,'000001,平安银行,9.4,9.45,9.37,9.38,9.4,0,0,0.6087,89065673,838185900.6,1.61E+11,1.38E+11
2016/8/22,'000001,平安银行,9.4,9.51,9.36,9.5,9.51,-0.11,-1.1567,0.6694,97943273,922426435.1,1.61E+11,1.38E+11
2016/8/19,'000001,平安银行,9.51,9.52,9.43,9.49,9.5,0.01,0.1053,0.3454,50533453,478779724.2,1.63E+11,1.39E+11
2016/8/18,'000001,平安银行,9.5,9.59,9.43,9.56,9.55,-0.05,-0.5236,0.4726,69150431,658183955,1.63E+11,1.39E+11
2016/8/17,'000001,平安银行,9.55,9.6,9.48,9.52,9.52,0.03,0.3151,0.3832,56072536,534926047,1.64E+11,1.40E+11
2016/8/16,'000001,平安银行,9.52,9.68,9.46,9.68,9.68,-0.16,-1.6529,0.7515,109955862,1050479545,1.63E+11,1.39E+11
2016/8/15,'000001,平安银行,9.68,9.8,9.51,9.55,9.5,0.18,1.8947,1.2969,189755226,1835196866,1.66E+11,1.42E+11
2016/8/12,'000001,平安银行,9.5,9.53,9.18,9.2,9.22,0.28,3.0369,0.9364,137002155,1282336292,1.63E+11,1.39E+11
2016/8/11,'000001,平安银行,9.22,9.35,9.13,9.14,9.14,0.08,0.8753,0.6394,93557601,866594867.9,1.58E+11,1.35E+11
2016/8/10,'000001,平安银行,9.14,9.18,9.12,9.15,9.15,-0.01,-0.1093,0.2984,43665545,399656990.6,1.57E+11,1.34E+11
2016/8/9,'000001,平安银行,9.15,9.15,9.07,9.09,9.11,0.04,0.4391,0.2841,41567631,378720688.3,1.57E+11,1.34E+11
2016/8/8,'000001,平安银行,9.11,9.11,9.01,9.04,9.04,0.07,0.7743,0.2723,39847930,361191045.3,1.56E+11,1.33E+11
2016/8/5,'000001,平安银行,9.04,9.07,8.95,8.99,8.99,0.05,0.5562,0.4962,72594819,654998092.9,1.55E+11,1.32E+11
2016/8/4,'000001,平安银行,8.99,9.18,8.93,9.17,9.18,-0.19,-2.0697,0.9189,134446207,1210346974,1.54E+11,1.32E+11
2016/8/3,'000001,平安银行,9.18,9.22,9.15,9.21,9.25,-0.07,-0.7568,0.2902,42462218,389817535.1,1.58E+11,1.34E+11
2016/8/2,'000001,平安银行,9.25,9.26,9.17,9.24,9.28,-0.03,-0.3233,0.307,44916516,413484595.1,1.59E+11,1.35E+11
2016/8/1,'000001,平安银行,9.28,9.34,9.17,9.18,9.2,0.08,0.8696,0.519,75932441,702466616,1.59E+11,1.36E+11
2016/7/29,'000001,平安银行,9.2,9.24,9.03,9.08,9.08,0.12,1.3216,0.4589,67142534,614972669.3,1.58E+11,1.35E+11
2016/7/28,'000001,平安银行,9.08,9.11,8.97,8.98,9.01,0.07,0.7769,0.328,47991038,434490536.6,1.56E+11,1.33E+11
2016/7/27,'000001,平安银行,9.01,9.17,8.91,9.12,9.11,-0.1,-1.0977,0.5595,81867834,741263303,1.55E+11,1.32E+11
2016/7/26,'000001,平安银行,9.11,9.12,8.97,8.97,8.98,0.13,1.4477,0.3736,54655692,494506420.1,1.56E+11,1.33E+11
2016/7/25,'000001,平安银行,8.98,8.98,8.91,8.93,8.94,0.04,0.4474,0.1809,26468286,236937494.1,1.54E+11,1.31E+11
2016/7/22,'000001,平安银行,8.94,8.99,8.92,8.99,8.99,-0.05,-0.5562,0.202,29554964,264379250.4,1.54E+11,1.31E+11
2016/7/21,'000001,平安银行,8.99,9.01,8.95,8.95,8.96,0.03,0.3348,0.2326,34026127,305710332.8,1.54E+11,1.32E+11
2016/7/20,'000001,平安银行,8.96,8.99,8.95,8.96,8.97,-0.01,-0.1115,0.2125,31092641,278737194.1,1.54E+11,1.31E+11
2016/7/19,'000001,平安银行,8.97,9.05,8.95,9.04,9.04,-0.07,-0.7743,0.248,36278781,326046531,1.54E+11,1.31E+11
2016/7/18,'000001,平安银行,9.04,9.08,8.97,8.99,8.99,0.05,0.5562,0.3465,50693492,457358031.4,1.55E+11,1.32E+11
2016/7/15,'000001,平安银行,8.99,9,8.91,8.95,8.94,0.05,0.5593,0.2406,35203395,315555253.5,1.54E+11,1.32E+11
2016/7/14,'000001,平安银行,8.94,9,8.91,8.97,8.99,-0.05,-0.5562,0.2458,35969939,321889343.3,1.54E+11,1.31E+11
2016/7/13,'000001,平安银行,8.99,9.05,8.86,8.88,8.88,0.11,1.2387,0.5456,79828864,716797025.3,1.54E+11,1.32E+11
2016/7/12,'000001,平安银行,8.88,8.89,8.74,8.75,8.75,0.13,1.4857,0.4865,71183240,627505578.4,1.52E+11,1.30E+11
2016/7/11,'000001,平安银行,8.75,8.79,8.74,8.75,8.74,0.01,0.1144,0.2497,36537252,320333760.7,1.50E+11,1.28E+11
2016/7/8,'000001,平安银行,8.74,8.79,8.73,8.79,8.78,-0.04,-0.4556,0.1786,26134229,228778674.1,1.50E+11,1.28E+11
2016/7/7,'000001,平安银行,8.78,8.8,8.74,8.79,8.79,-0.01,-0.1138,0.2138,31285308,274337185.8,1.51E+11,1.28E+11
2016/7/6,'000001,平安银行,8.79,8.82,8.76,8.8,8.81,-0.02,-0.227,0.2207,32295017,283827375.8,1.51E+11,1.29E+11
2016/7/5,'000001,平安银行,8.81,8.83,8.77,8.8,8.81,0,0,0.2885,42203729,371422814.8,1.51E+11,1.29E+11
2016/7/4,'000001,平安银行,8.81,8.86,8.67,8.69,8.71,0.1,1.1481,0.4157,60825712,534656909.6,1.51E+11,1.29E+11
2016/7/1,'000001,平安银行,8.71,8.73,8.68,8.69,8.7,0.01,0.1149,0.2385,34893019,303652375.3,1.50E+11,1.27E+11
2016/6/30,'000001,平安银行,8.7,8.74,8.66,8.69,8.69,0.01,0.1151,0.2476,36220487,315051854.7,1.49E+11,1.27E+11
2016/6/29,'000001,平安银行,8.69,8.69,8.62,8.63,8.63,0.06,0.6952,0.2526,36961156,319908689.6,1.49E+11,1.27E+11
2016/6/28,'000001,平安银行,8.63,8.64,8.56,8.58,8.61,0.02,0.2323,0.23,33651928,289122214,1.48E+11,1.26E+11
2016/6/27,'000001,平安银行,8.61,8.64,8.54,8.57,8.57,0.04,0.4667,0.2223,32521418,280044073.2,1.48E+11,1.26E+11
2016/6/24,'000001,平安银行,8.57,8.7,8.52,8.64,8.66,-0.09,-1.0393,0.2923,42766409,367771053.9,1.47E+11,1.25E+11
2016/6/23,'000001,平安银行,8.66,8.7,8.63,8.67,8.73,-0.07,-0.8018,0.2294,33561422,290490407,1.49E+11,1.27E+11
2016/6/22,'000001,平安银行,8.73,8.73,8.58,8.6,8.61,0.12,1.3937,0.3267,47800201,413947368.6,1.50E+11,1.28E+11
2016/6/21,'000001,平安银行,8.61,8.65,8.58,8.61,8.6,0.01,0.1163,0.2602,38074985,327940703.4,1.48E+11,1.26E+11
2016/6/20,'000001,平安银行,8.6,8.6,8.56,8.59,8.58,0.02,0.2331,0.185,27073158,232205297.9,1.48E+11,1.26E+11
2016/6/17,'000001,平安银行,8.58,8.61,8.54,8.57,8.57,0.01,0.1167,0.2154,31517300,270236698,1.47E+11,1.26E+11
2016/6/16,'000001,平安银行,8.57,8.6,8.53,8.57,8.57,0,0,0.2643,38667008,331192444.7,1.47E+11,1.25E+11
2016/6/15,'000001,平安银行,10.44,10.48,10.32,10.33,10.4,0.04,0.3846,0.3102,37817241,394033686.1,1.49E+11,1.27E+11
2016/6/14,'000001,平安银行,10.4,10.41,10.32,10.34,10.33,0.07,0.6776,0.2244,27363726,283578296.5,1.49E+11,1.27E+11
2016/6/13,'000001,平安银行,10.33,10.47,10.33,10.46,10.5,-0.17,-1.619,0.2828,34481683,358996277.5,1.48E+11,1.26E+11
2016/6/8,'000001,平安银行,10.5,10.54,10.46,10.54,10.52,-0.02,-0.1901,0.22,26818824,281651740.9,1.50E+11,1.28E+11
2016/6/7,'000001,平安银行,10.52,10.53,10.48,10.52,10.51,0.01,0.0951,0.188,22928215,240887148.7,1.51E+11,1.28E+11
2016/6/6,'000001,平安银行,10.51,10.53,10.45,10.51,10.5,0.01,0.0952,0.2775,33833201,354998364.1,1.50E+11,1.28E+11
2016/6/3,'000001,平安银行,10.5,10.52,10.41,10.47,10.46,0.04,0.3824,0.3472,42338929,443039581,1.50E+11,1.28E+11
2016/6/2,'000001,平安银行,10.46,10.48,10.42,10.47,10.48,-0.02,-0.1908,0.2403,29303622,306269383.4,1.50E+11,1.28E+11
2016/6/1,'000001,平安银行,10.48,10.55,10.44,10.51,10.55,-0.07,-0.6635,0.4566,55675091,584161145.1,1.50E+11,1.28E+11
2016/5/31,'000001,平安银行,10.55,10.57,10.26,10.26,10.28,0.27,2.6265,0.7763,94646716,991668174.8,1.51E+11,1.29E+11
2016/5/30,'000001,平安银行,10.28,10.28,10.2,10.25,10.27,0.01,0.0974,0.3124,38094687,390119748.2,1.47E+11,1.25E+11
2016/5/27,'000001,平安银行,10.27,10.29,10.19,10.22,10.22,0.05,0.4892,0.1827,22281892,228377555,1.47E+11,1.25E+11
2016/5/26,'000001,平安银行,10.22,10.27,10.17,10.22,10.23,-0.01,-0.0978,0.2144,26139653,266736775.8,1.46E+11,1.25E+11
2016/5/25,'000001,平安银行,10.23,10.28,10.19,10.25,10.21,0.02,0.1959,0.1675,20423540,209019882.7,1.46E+11,1.25E+11
2016/5/24,'000001,平安银行,10.21,10.28,10.19,10.27,10.28,-0.07,-0.6809,0.2127,25929404,265042286.9,1.46E+11,1.24E+11
2016/5/23,'000001,平安银行,10.28,10.34,10.25,10.33,10.3,-0.02,-0.1942,0.2654,32364676,333300178.5,1.47E+11,1.25E+11
2016/5/20,'000001,平安银行,10.3,10.33,10.19,10.24,10.25,0.05,0.4878,0.1751,20670377,212277642,1.47E+11,1.22E+11
2016/5/19,'000001,平安银行,10.25,10.32,10.25,10.27,10.3,-0.05,-0.4854,0.1447,17077776,175591500.4,1.47E+11,1.21E+11
2016/5/18,'000001,平安银行,10.3,10.32,10.17,10.29,10.3,0,0,0.4525,53415062,547076639.4,1.47E+11,1.22E+11
2016/5/17,'000001,平安银行,10.3,10.37,10.24,10.36,10.36,-0.06,-0.5792,0.2122,25042422,257859629,1.47E+11,1.22E+11
2016/5/16,'000001,平安银行,10.36,10.36,10.25,10.32,10.35,0.01,0.0966,0.1823,21522468,221931208.1,1.48E+11,1.22E+11
2016/5/13,'000001,平安银行,10.35,10.4,10.33,10.35,10.38,-0.03,-0.289,0.1561,18426611,191007255.7,1.48E+11,1.22E+11
2016/5/12,'000001,平安银行,10.38,10.4,10.25,10.31,10.37,0.01,0.0964,0.2761,32588550,336792700.6,1.49E+11,1.23E+11
2016/5/11,'000001,平安银行,10.37,10.44,10.3,10.3,10.28,0.09,0.8755,0.2773,32728951,339005275.8,1.48E+11,1.22E+11
2016/5/10,'000001,平安银行,10.28,10.37,10.27,10.34,10.35,-0.07,-0.6763,0.2479,29259978,301767208,1.47E+11,1.21E+11
2016/5/9,'000001,平安银行,10.35,10.53,10.32,10.5,10.52,-0.17,-1.616,0.3483,41117102,428356624.1,1.48E+11,1.22E+11
2016/5/6,'000001,平安银行,10.52,10.73,10.52,10.73,10.72,-0.2,-1.8657,0.2936,34654514,367408584.5,1.51E+11,1.24E+11
2016/5/5,'000001,平安银行,10.72,10.72,10.65,10.69,10.72,0,0,0.2029,23951683,256002095.9,1.53E+11,1.27E+11
2016/5/4,'000001,平安银行,10.72,10.75,10.66,10.68,10.68,0.04,0.3745,0.3494,41243559,441848167.7,1.53E+11,1.27E+11
2016/5/3,'000001,平安银行,10.68,10.72,10.52,10.58,10.57,0.11,1.0407,0.4144,48910210,521137502.4,1.53E+11,1.26E+11
2016/4/29,'000001,平安银行,10.57,10.64,10.55,10.64,10.66,-0.09,-0.8443,0.3431,40497767,428582155,1.51E+11,1.25E+11
2016/4/28,'000001,平安银行,10.66,10.76,10.54,10.58,10.57,0.09,0.8515,0.3875,45746041,487261220.5,1.53E+11,1.26E+11
2016/4/27,'000001,平安银行,10.57,10.61,10.52,10.58,10.59,-0.02,-0.1889,0.2029,23955393,253308584.1,1.51E+11,1.25E+11
2016/4/26,'000001,平安银行,10.59,10.6,10.46,10.48,10.5,0.09,0.8571,0.2471,29169938,306962513,1.52E+11,1.25E+11
2016/4/25,'000001,平安银行,10.5,10.56,10.42,10.56,10.55,-0.05,-0.4739,0.2959,34925775,366533376.7,1.50E+11,1.24E+11
2016/4/22,'000001,平安银行,10.55,10.62,10.41,10.46,10.51,0.04,0.3806,0.3047,35967712,379176139.3,1.51E+11,1.25E+11
2016/4/21,'000001,平安银行,10.51,10.63,10.45,10.52,10.52,-0.01,-0.0951,0.4734,55879920,588731547.5,1.50E+11,1.24E+11
2016/4/20,'000001,平安银行,10.52,10.78,10.36,10.77,10.77,-0.25,-2.3213,0.5139,60658625,640149677.1,1.51E+11,1.24E+11
2016/4/19,'000001,平安银行,10.77,10.81,10.71,10.77,10.73,0.04,0.3728,0.1849,21823994,234479844.3,1.54E+11,1.27E+11
2016/4/18,'000001,平安银行,10.73,10.85,10.73,10.82,10.88,-0.15,-1.3787,0.2971,35065401,377791436.8,1.54E+11,1.27E+11
2016/4/15,'000001,平安银行,10.88,10.94,10.8,10.84,10.84,0.04,0.369,0.4212,49722404,541052858.4,1.56E+11,1.28E+11
2016/4/14,'000001,平安银行,10.84,10.9,10.79,10.88,10.81,0.03,0.2775,0.2742,32364630,350702741.5,1.55E+11,1.28E+11
2016/4/13,'000001,平安银行,10.81,10.97,10.71,10.73,10.67,0.14,1.3121,0.7258,85676036,929858588.5,1.55E+11,1.28E+11
2016/4/12,'000001,平安银行,10.67,10.71,10.62,10.7,10.72,-0.05,-0.4664,0.253,29859954,318538001.8,1.53E+11,1.26E+11
2016/4/11,'000001,平安银行,10.72,10.8,10.6,10.6,10.57,0.15,1.4191,0.6662,78638602,840486348.2,1.53E+11,1.27E+11
2016/4/8,'000001,平安银行,10.57,10.67,10.5,10.55,10.59,-0.02,-0.1889,0.319,37655386,397998243.9,1.51E+11,1.25E+11
2016/4/7,'000001,平安银行,10.59,10.73,10.59,10.72,10.72,-0.13,-1.2127,0.32,37771959,401949050.6,1.52E+11,1.25E+11
2016/4/6,'000001,平安银行,10.72,10.75,10.61,10.68,10.7,0.02,0.1869,0.3687,43525954,464962437.1,1.53E+11,1.27E+11
2016/4/5,'000001,平安银行,10.7,10.81,10.5,10.62,10.66,0.04,0.3752,0.5018,59230864,632378859.3,1.53E+11,1.26E+11
2016/4/1,'000001,平安银行,10.66,10.69,10.5,10.62,10.64,0.02,0.188,0.3129,36934188,391830399.3,1.53E+11,1.26E+11
2016/3/31,'000001,平安银行,10.64,10.75,10.64,10.71,10.7,-0.06,-0.5607,0.3544,41838792,447266281.7,1.52E+11,1.26E+11
2016/3/30,'000001,平安银行,10.7,10.7,10.47,10.48,10.43,0.27,2.5887,0.4572,53969998,572627417.1,1.53E+11,1.26E+11
2016/3/29,'000001,平安银行,10.43,10.52,10.38,10.51,10.48,-0.05,-0.4771,0.2697,31831787,332422397.1,1.49E+11,1.23E+11
2016/3/28,'000001,平安银行,10.48,10.65,10.45,10.62,10.59,-0.11,-1.0387,0.3038,35862101,378973327.5,1.50E+11,1.24E+11
2016/3/25,'000001,平安银行,10.59,10.6,10.5,10.51,10.52,0.07,0.6654,0.2008,23707049,250338489.6,1.52E+11,1.25E+11
2016/3/24,'000001,平安银行,10.52,10.63,10.5,10.61,10.7,-0.18,-1.6822,0.3155,37240624,393411544.5,1.51E+11,1.24E+11
2016/3/23,'000001,平安银行,10.7,10.77,10.61,10.71,10.72,-0.02,-0.1866,0.3645,43027816,458963272.7,1.53E+11,1.26E+11
2016/3/22,'000001,平安银行,10.72,10.94,10.69,10.77,10.8,-0.08,-0.7407,0.5299,62548248,675406611.4,1.53E+11,1.27E+11
2016/3/21,'000001,平安银行,10.8,10.86,10.55,10.55,10.54,0.26,2.4668,0.7798,92043281,987764461.9,1.55E+11,1.27E+11
2016/3/18,'000001,平安银行,10.54,10.57,10.4,10.42,10.42,0.12,1.1516,0.6754,79721581,836565552.8,1.51E+11,1.24E+11
2016/3/17,'000001,平安银行,10.42,10.48,10.3,10.36,10.35,0.07,0.6763,0.5176,61099638,635181313.5,1.49E+11,1.23E+11
2016/3/16,'000001,平安银行,10.35,10.45,10.25,10.27,10.32,0.03,0.2907,0.5633,66488620,690087713.1,1.48E+11,1.22E+11
2016/3/15,'000001,平安银行,10.32,10.36,10.16,10.28,10.26,0.06,0.5848,0.354,41792037,428786691.8,1.48E+11,1.22E+11
2016/3/14,'000001,平安银行,10.26,10.46,10.21,10.21,10.16,0.1,0.9843,0.555,65515822,679161305,1.47E+11,1.21E+11
2016/3/11,'000001,平安银行,10.16,10.22,10.04,10.1,10.15,0.01,0.0985,0.3251,38373672,389638934.2,1.45E+11,1.20E+11
2016/3/10,'000001,平安银行,10.15,10.35,10.13,10.24,10.17,-0.02,-0.1967,0.4016,47402030,486414240.7,1.45E+11,1.20E+11
2016/3/9,'000001,平安银行,10.17,10.22,10.04,10.14,10.28,-0.11,-1.07,0.2761,32590065,330124892.4,1.46E+11,1.20E+11
2016/3/8,'000001,平安银行,10.28,10.36,9.94,10.36,10.34,-0.06,-0.5803,0.5449,64315646,650471607.4,1.47E+11,1.21E+11
2016/3/7,'000001,平安银行,10.34,10.49,10.3,10.35,10.4,-0.06,-0.5769,0.5137,60635297,630155599.2,1.48E+11,1.22E+11
2016/3/4,'000001,平安银行,10.4,10.5,10.07,10.09,10.11,0.29,2.8684,1.1701,138124907,1429273063,1.49E+11,1.23E+11
2016/3/3,'000001,平安银行,10.11,10.18,10.04,10.09,10.1,0.01,0.099,0.4686,55308940,559045201.6,1.45E+11,1.19E+11
2016/3/2,'000001,平安银行,10.1,10.13,9.72,9.75,9.7,0.4,4.1237,0.5732,67661373,673626229.3,1.45E+11,1.19E+11
2016/3/1,'000001,平安银行,9.7,9.77,9.58,9.62,9.56,0.14,1.4644,0.3202,37791080,365149008,1.39E+11,1.14E+11
2016/2/29,'000001,平安银行,9.56,9.81,9.42,9.79,9.79,-0.23,-2.3493,0.4803,56689639,542183971.8,1.37E+11,1.13E+11
2016/2/26,'000001,平安银行,9.79,9.83,9.66,9.77,9.67,0.12,1.241,0.3322,39215441,382634662.7,1.40E+11,1.16E+11
2016/2/25,'000001,平安银行,9.67,10.13,9.6,10.12,10.15,-0.48,-4.7291,0.527,62207284,615004743.3,1.38E+11,1.14E+11
2016/2/24,'000001,平安银行,10.15,10.15,10.01,10.06,10.12,0.03,0.2964,0.2542,30010360,302498026.1,1.45E+11,1.20E+11
2016/2/23,'000001,平安银行,10.12,10.29,10.05,10.29,10.29,-0.17,-1.6521,0.3608,42587437,432315311.4,1.45E+11,1.19E+11
2016/2/22,'000001,平安银行,10.29,10.31,10.06,10.13,10.04,0.25,2.49,0.5233,61773945,630251514.5,1.47E+11,1.21E+11
2016/2/19,'000001,平安银行,10.04,10.14,9.99,10.09,10.09,-0.05,-0.4955,0.2702,31889825,320939652,1.44E+11,1.19E+11
2016/2/18,'000001,平安银行,10.09,10.22,10.09,10.18,10.15,-0.06,-0.5911,0.3441,40617824,412337569.8,1.44E+11,1.19E+11
2016/2/17,'000001,平安银行,10.15,10.22,9.99,10.03,10.01,0.14,1.3986,0.4957,58516706,590538918.8,1.45E+11,1.20E+11
2016/2/16,'000001,平安银行,10.01,10.03,9.83,9.84,9.79,0.22,2.2472,0.3629,42838638,427507774.2,1.43E+11,1.18E+11
2016/2/15,'000001,平安银行,9.79,9.85,9.65,9.66,9.92,-0.13,-1.3105,0.2359,27849946,271173372.4,1.40E+11,1.16E+11
2016/2/5,'000001,平安银行,9.92,9.97,9.91,9.96,9.95,-0.03,-0.3015,0.2295,27089334,269184383.5,1.42E+11,1.17E+11
2016/2/4,'000001,平安银行,9.95,10,9.88,9.89,9.85,0.1,1.0152,0.3161,37309947,370586187.5,1.42E+11,1.17E+11
2016/2/3,'000001,平安银行,9.85,9.89,9.77,9.85,9.95,-0.1,-1.005,0.2326,27457217,269997835.6,1.41E+11,1.16E+11
2016/2/2,'000001,平安银行,9.95,10.03,9.78,9.8,9.8,0.15,1.5306,0.3127,36910416,367360499.7,1.42E+11,1.17E+11
2016/2/1,'000001,平安银行,9.8,10.01,9.74,9.98,10,-0.2,-2,0.3539,41773214,412635642.6,1.40E+11,1.16E+11
2016/1/29,'000001,平安银行,10,10.08,9.69,9.74,9.69,0.31,3.1992,0.4612,54443576,540544459.6,1.43E+11,1.18E+11
2016/1/28,'000001,平安银行,9.69,9.89,9.65,9.82,9.88,-0.19,-1.9231,0.2563,30254078,296055319.2,1.39E+11,1.14E+11
2016/1/27,'000001,平安银行,9.88,9.98,9.6,9.93,9.87,0.01,0.1013,0.4821,56903705,558510640.9,1.41E+11,1.17E+11
2016/1/26,'000001,平安银行,9.87,10.32,9.86,10.32,10.37,-0.5,-4.8216,0.5489,64790114,653561593.4,1.41E+11,1.17E+11
2016/1/25,'000001,平安银行,10.37,10.44,10.33,10.4,10.4,-0.03,-0.2885,0.3189,37643172,390734876.7,1.48E+11,1.22E+11
2016/1/22,'000001,平安银行,10.4,10.45,10.22,10.4,10.32,0.08,0.7752,0.3954,46675214,482984450.4,1.49E+11,1.23E+11
2016/1/21,'000001,平安银行,10.32,10.75,10.32,10.48,10.54,-0.22,-2.0873,0.5135,60614511,638127876.8,1.48E+11,1.22E+11
2016/1/20,'000001,平安银行,10.54,10.8,10.44,10.7,10.71,-0.17,-1.5873,0.5115,60375250,640968946.9,1.51E+11,1.24E+11
2016/1/19,'000001,平安银行,10.71,10.78,10.41,10.45,10.41,0.3,2.8818,0.4245,50110908,532074699.5,1.53E+11,1.26E+11
2016/1/18,'000001,平安银行,10.41,10.56,10.3,10.34,10.46,-0.05,-0.478,0.3567,42104088,439917816.2,1.49E+11,1.23E+11
2016/1/15,'000001,平安银行,10.46,10.8,10.42,10.66,10.77,-0.31,-2.8784,0.3797,44820214,474908142,1.50E+11,1.23E+11
2016/1/14,'000001,平安银行,10.77,10.8,10.48,10.59,10.71,0.06,0.5602,0.5645,66631454,708535004.7,1.54E+11,1.27E+11
2016/1/13,'000001,平安银行,10.71,10.94,10.7,10.89,10.81,-0.1,-0.9251,0.3318,39170948,424371697.7,1.53E+11,1.26E+11
2016/1/12,'000001,平安银行,10.81,10.91,10.64,10.83,10.76,0.05,0.4647,0.4758,56164230,605970837,1.55E+11,1.28E+11
2016/1/11,'000001,平安银行,10.76,11.08,10.68,11,11.12,-0.36,-3.2374,0.6201,73201399,800683641,1.54E+11,1.27E+11
2016/1/8,'000001,平安银行,11.12,11.29,10.9,11.21,10.94,0.18,1.6453,0.6333,74752758,831334546.2,1.59E+11,1.31E+11
2016/1/7,'000001,平安银行,10.94,11.41,10.91,11.41,11.53,-0.59,-5.1171,0.1481,17476110,194869493.5,1.57E+11,1.29E+11
2016/1/6,'000001,平安银行,11.53,11.56,11.39,11.42,11.4,0.13,1.1404,0.4369,51570644,591698520.4,1.65E+11,1.36E+11
2016/1/5,'000001,平安银行,11.4,11.57,11.15,11.27,11.33,0.07,0.6178,0.5619,66326995,755531353.7,1.63E+11,1.35E+11
2016/1/4,'000001,平安银行,11.33,12.03,11.23,12,11.99,-0.66,-5.5046,0.4774,56349787,660376153.1,1.62E+11,1.34E+11
2015/12/31,'000001,平安银行,11.99,12.13,11.98,12.1,12.1,-0.11,-0.9091,0.4162,49125892,591643590.7,1.72E+11,1.42E+11
2015/12/30,'000001,平安银行,12.1,12.11,11.95,12.09,12.09,0.01,0.0827,0.4513,53266704,641277265.4,1.73E+11,1.43E+11
2015/12/29,'000001,平安银行,12.09,12.1,11.97,11.99,11.98,0.11,0.9182,0.5251,61980214,744718416.3,1.73E+11,1.43E+11
2015/12/28,'000001,平安银行,11.98,12.46,11.98,12.43,12.41,-0.43,-3.4649,0.6967,82240863,1003010207,1.71E+11,1.41E+11
2015/12/25,'000001,平安银行,12.41,12.47,12.33,12.38,12.34,0.07,0.5673,0.3387,39984505,495638053.1,1.78E+11,1.46E+11
2015/12/24,'000001,平安银行,12.34,12.56,12.24,12.46,12.48,-0.14,-1.1218,0.5424,64022964,791975824.6,1.77E+11,1.46E+11
2015/12/23,'000001,平安银行,12.48,12.78,12.4,12.47,12.43,0.05,0.4023,0.8802,103901823,1302341538,1.79E+11,1.47E+11
2015/12/22,'000001,平安银行,12.43,12.62,12.38,12.5,12.51,-0.08,-0.6395,0.5914,69809145,870121732.2,1.78E+11,1.47E+11
2015/12/21,'000001,平安银行,12.51,12.72,12.11,12.14,12.23,0.28,2.2895,1.0853,128114213,1595741319,1.79E+11,1.48E+11
2015/12/18,'000001,平安银行,12.23,12.55,12.02,12.03,12.07,0.16,1.3256,0.8666,102294474,1257360356,1.75E+11,1.44E+11
2015/12/17,'000001,平安银行,12.07,12.14,11.96,11.97,11.89,0.18,1.5139,0.5492,64827475,780891801.1,1.73E+11,1.42E+11
2015/12/16,'000001,平安银行,11.89,12.01,11.88,11.98,11.92,-0.03,-0.2517,0.3327,39276282,468510259.2,1.70E+11,1.40E+11
2015/12/15,'000001,平安银行,11.92,12.09,11.86,12.03,12.07,-0.15,-1.2428,0.3088,36448735,436557693.7,1.71E+11,1.41E+11
2015/12/14,'000001,平安银行,12.07,12.11,11.71,11.73,11.83,0.24,2.0287,0.4975,58723664,698791985.5,1.73E+11,1.42E+11
2015/12/11,'000001,平安银行,11.83,11.92,11.73,11.91,11.96,-0.13,-1.087,0.3215,37950803,448800941.4,1.69E+11,1.40E+11
2015/12/10,'000001,平安银行,11.96,12.14,11.91,11.95,11.99,-0.03,-0.2502,0.3538,41760358,502326072.6,1.71E+11,1.41E+11
2015/12/9,'000001,平安银行,11.99,12.12,11.9,11.92,11.96,0.03,0.2508,0.3638,42938435,515596474.9,1.72E+11,1.42E+11
2015/12/8,'000001,平安银行,11.96,12.09,11.9,12.07,12.15,-0.19,-1.5638,0.4262,50310179,602568625.9,1.71E+11,1.41E+11
2015/12/7,'000001,平安银行,12.15,12.25,12.04,12.18,12.12,0.03,0.2475,0.3412,40279265,488370699.4,1.74E+11,1.43E+11
2015/12/4,'000001,平安银行,12.12,12.38,12.08,12.31,12.45,-0.33,-2.6506,0.6477,76453245,934906568.6,1.73E+11,1.43E+11
2015/12/3,'000001,平安银行,12.45,12.75,12.25,12.39,12.51,-0.06,-0.4796,1.208,142597678,1786008972,1.78E+11,1.47E+11
2015/12/2,'000001,平安银行,12.51,12.64,11.66,11.7,11.75,0.76,6.4681,1.3688,161576086,1978750510,1.79E+11,1.48E+11
2015/12/1,'000001,平安银行,11.75,11.86,11.51,11.7,11.74,0.01,0.0852,0.5763,68025390,793118214.1,1.68E+11,1.39E+11
2015/11/30,'000001,平安银行,11.74,11.87,11.5,11.72,11.73,0.01,0.0853,0.5579,65849389,770221398.4,1.68E+11,1.39E+11
2015/11/27,'000001,平安银行,11.73,12.2,11.53,12.18,12.23,-0.5,-4.0883,0.6168,72802594,867702430.6,1.68E+11,1.38E+11
2015/11/26,'000001,平安银行,12.23,12.38,12.2,12.36,12.32,-0.09,-0.7305,0.4678,55221015,679692129.9,1.75E+11,1.44E+11
2015/11/25,'000001,平安银行,12.32,12.37,12.17,12.21,12.28,0.04,0.3257,0.435,51346272,629507063.6,1.76E+11,1.45E+11
2015/11/24,'000001,平安银行,12.28,12.45,12.16,12.41,12.45,-0.17,-1.3655,0.5627,66421478,812675943.5,1.76E+11,1.45E+11
2015/11/23,'000001,平安银行,12.45,12.6,12.38,12.55,12.55,-0.1,-0.7968,0.5151,60797531,760493340.7,1.78E+11,1.47E+11
2015/11/20,'000001,平安银行,12.55,12.59,12.42,12.5,12.5,0.05,0.4,0.5066,59803634,747487174.7,1.80E+11,1.48E+11
2015/11/19,'000001,平安银行,12.5,12.51,12.33,12.4,12.42,0.08,0.6441,0.3991,47112067,585570983.3,1.79E+11,1.48E+11
2015/11/18,'000001,平安银行,12.42,12.7,12.31,12.46,12.5,-0.08,-0.64,0.6724,79370476,991513834.8,1.78E+11,1.47E+11
2015/11/17,'000001,平安银行,12.5,12.7,12.36,12.41,12.34,0.16,1.2966,0.8865,104648656,1315319787,1.79E+11,1.48E+11
2015/11/16,'000001,平安银行,12.34,12.39,12.09,12.13,12.24,0.1,0.817,0.4743,55984871,685977382.9,1.77E+11,1.46E+11
2015/11/13,'000001,平安银行,12.24,12.48,12.19,12.22,12.4,-0.16,-1.2903,0.4978,58755504,722252994.2,1.75E+11,1.44E+11
2015/11/12,'000001,平安银行,12.4,12.65,12.28,12.6,12.55,-0.15,-1.1952,0.5686,67113962,833753298.1,1.77E+11,1.46E+11
2015/11/11,'000001,平安银行,12.55,12.78,12.38,12.7,12.75,-0.2,-1.5686,0.8656,102173507,1280174417,1.80E+11,1.48E+11
2015/11/10,'000001,平安银行,12.75,13.07,12.61,12.8,12.94,-0.19,-1.4683,0.9531,112502763,1438707530,1.82E+11,1.51E+11
2015/11/9,'000001,平安银行,12.94,13.38,12.46,12.5,12.39,0.55,4.4391,2.045,241388779,3137641551,1.85E+11,1.53E+11
2015/11/6,'000001,平安银行,12.39,12.41,11.92,12.02,12.07,0.32,2.6512,1.2396,146319495,1781331280,1.77E+11,1.46E+11
2015/11/5,'000001,平安银行,12.07,12.57,11.55,11.6,11.69,0.38,3.2506,1.9419,229218980,2780266756,1.73E+11,1.42E+11
2015/11/4,'000001,平安银行,11.69,11.7,11.05,11.08,11.05,0.64,5.7919,1.1075,130724419,1493255542,1.67E+11,1.38E+11
2015/11/3,'000001,平安银行,11.05,11.21,11.01,11.15,11.14,-0.09,-0.8079,0.3315,39126518,434818762.6,1.58E+11,1.30E+11
2015/11/2,'000001,平安银行,11.14,11.32,11.1,11.27,11.36,-0.22,-1.9366,0.4104,48443581,544000187,1.59E+11,1.31E+11
2015/10/30,'000001,平安银行,11.36,11.42,11.27,11.3,11.27,0.09,0.7986,0.454,53593072,607980997.1,1.63E+11,1.34E+11
2015/10/29,'000001,平安银行,11.27,11.36,11.25,11.3,11.27,0,0,0.2683,31670368,357830452,1.61E+11,1.33E+11
2015/10/28,'000001,平安银行,11.27,11.48,11.25,11.46,11.48,-0.21,-1.8293,0.4615,54481117,619790793.2,1.61E+11,1.33E+11
2015/10/27,'000001,平安银行,11.48,11.64,11.34,11.5,11.52,-0.04,-0.3472,0.4917,58043637,664648826.8,1.64E+11,1.36E+11
2015/10/26,'000001,平安银行,11.52,11.81,11.44,11.6,11.47,0.05,0.4359,0.92,108591754,1260872031,1.65E+11,1.36E+11
2015/10/23,'000001,平安银行,11.47,11.53,11.34,11.39,11.33,0.14,1.2357,0.7942,93742511,1073981531,1.64E+11,1.35E+11
2015/10/22,'000001,平安银行,11.33,11.4,11.18,11.25,11.22,0.11,0.9804,0.6971,82280573,928960028.8,1.62E+11,1.34E+11
2015/10/21,'000001,平安银行,11.22,11.75,11.18,11.29,11.32,-0.1,-0.8834,1.129,133262904,1523591977,1.61E+11,1.32E+11
2015/10/20,'000001,平安银行,11.32,11.38,11.19,11.2,11.26,0.06,0.5329,0.6059,71516328,807642379.7,1.62E+11,1.34E+11
2015/10/19,'000001,平安银行,11.26,11.35,11.15,11.27,11.23,0.03,0.2671,0.6128,72337153,814910975,1.61E+11,1.33E+11
2015/10/16,'000001,平安银行,11.23,11.3,11.16,11.21,11.17,0.06,0.5372,0.4829,57000145,640488894.1,1.61E+11,1.33E+11
2015/10/15,'000001,平安银行,11.17,11.17,10.94,10.95,10.98,0.19,1.7304,0.4116,48590050,539103671.6,1.60E+11,1.32E+11
2015/10/14,'000001,平安银行,10.98,11.15,10.94,11.04,11.13,-0.15,-1.3477,0.3549,41898065,462963473.8,1.57E+11,1.30E+11
2015/10/13,'000001,平安银行,11.13,11.26,11.09,11.2,11.23,-0.1,-0.8905,0.3048,35979819,401600928.8,1.59E+11,1.31E+11
2015/10/12,'000001,平安银行,11.23,11.38,10.91,10.96,10.9,0.33,3.0275,0.7198,84966515,950602307.7,1.61E+11,1.33E+11
2015/10/9,'000001,平安银行,10.9,10.95,10.72,10.75,10.7,0.2,1.8692,0.4021,47461206,516310498,1.56E+11,1.29E+11
2015/10/8,'000001,平安银行,10.7,10.89,10.7,10.85,10.49,0.21,2.0019,0.4186,49407085,533806134.1,1.53E+11,1.26E+11
2015/9/30,'000001,平安银行,10.49,10.59,10.39,10.4,10.38,0.11,1.0597,0.3089,36465973,383230180,1.50E+11,1.24E+11
2015/9/29,'000001,平安银行,10.38,10.56,10.32,10.45,10.53,-0.15,-1.4245,0.2826,33360356,347612298.6,1.49E+11,1.23E+11
2015/9/28,'000001,平安银行,10.53,10.59,10.43,10.56,10.55,-0.02,-0.1896,0.1687,19908727,209186171.5,1.51E+11,1.24E+11
2015/9/25,'000001,平安银行,10.55,10.71,10.45,10.69,10.71,-0.16,-1.4939,0.3782,44642060,471537653,1.51E+11,1.25E+11
2015/9/24,'000001,平安银行,10.71,10.81,10.67,10.76,10.7,0.01,0.0935,0.2191,25863255,277274187.9,1.53E+11,1.26E+11
2015/9/23,'000001,平安银行,10.7,10.91,10.68,10.86,10.96,-0.26,-2.3723,0.3144,37115084,399583544.6,1.53E+11,1.26E+11
2015/9/22,'000001,平安银行,10.96,11.06,10.82,10.83,10.82,0.14,1.2939,0.4176,49295560,541007302.4,1.57E+11,1.29E+11
2015/9/21,'000001,平安银行,10.82,10.89,10.65,10.7,10.81,0.01,0.0925,0.3271,38611111,416851084.5,1.55E+11,1.28E+11
2015/9/18,'000001,平安银行,10.81,10.96,10.73,10.84,10.77,0.04,0.3714,0.2696,31827282,345063783.7,1.55E+11,1.28E+11
2015/9/17,'000001,平安银行,10.77,11.14,10.77,10.85,10.9,-0.13,-1.1927,0.5259,62079854,682338188.7,1.54E+11,1.27E+11
2015/9/16,'000001,平安银行,10.9,11.08,10.52,10.59,10.57,0.33,3.122,0.4822,56924377,612767028.6,1.56E+11,1.29E+11
2015/9/15,'000001,平安银行,10.57,10.85,10.5,10.69,10.87,-0.3,-2.7599,0.4599,54283900,579042247,1.51E+11,1.25E+11
2015/9/14,'000001,平安银行,10.87,11,10.45,10.99,10.96,-0.09,-0.8212,0.6408,75645273,813927117.1,1.56E+11,1.28E+11
2015/9/11,'000001,平安银行,10.96,11.12,10.88,11.02,11.05,-0.09,-0.8145,0.3613,42645078,469297504.8,1.57E+11,1.29E+11
2015/9/10,'000001,平安银行,11.05,11.18,10.94,11,11.1,-0.05,-0.4505,0.3941,46520563,514578386.5,1.58E+11,1.30E+11
2015/9/9,'000001,平安银行,11.1,11.19,10.88,11.03,11,0.1,0.9091,0.721,85107389,940582957,1.59E+11,1.31E+11
2015/9/8,'000001,平安银行,11,11.15,10.59,10.88,10.89,0.11,1.0101,0.6331,74729245,815241863.3,1.57E+11,1.30E+11
2015/9/7,'000001,平安银行,10.89,11.56,10.89,11.55,11.84,-0.95,-8.0236,1.1658,137611064,1544055075,1.56E+11,1.29E+11
2015/9/2,'000001,平安银行,11.84,12,11.06,11.18,11.57,0.27,2.3336,2.3854,281574676,3273803293,1.69E+11,1.40E+11
2015/9/1,'000001,平安银行,11.57,11.61,10.61,10.9,11.07,0.5,4.5167,2.2515,265766135,3003860704,1.66E+11,1.37E+11
2015/8/31,'000001,平安银行,11.07,11.07,10.48,10.71,10.83,0.24,2.2161,1.2405,146429725,1578261442,1.58E+11,1.31E+11
2015/8/28,'000001,平安银行,10.83,11.09,10.55,10.89,10.8,0.03,0.2778,1.3623,160802969,1728745630,1.55E+11,1.28E+11
2015/8/27,'000001,平安银行,10.8,10.9,9.86,10.16,9.91,0.89,8.9808,1.5666,184923565,1912163266,1.55E+11,1.27E+11
2015/8/26,'000001,平安银行,9.91,10.23,9.3,9.6,9.46,0.45,4.7569,2.1111,249191959,2460482141,1.42E+11,1.17E+11
2015/8/25,'000001,平安银行,9.46,10.35,9.32,9.85,10.35,-0.89,-8.599,1.8573,219233375,2122788585,1.35E+11,1.12E+11
2015/8/24,'000001,平安银行,10.35,11.17,10.35,11.1,11.5,-1.15,-10,1.286,151802968,1601529035,1.48E+11,1.22E+11
2015/8/21,'000001,平安银行,11.5,11.99,11.46,11.9,12.05,-0.55,-4.5643,0.7907,93336784,1095668268,1.65E+11,1.36E+11
2015/8/20,'000001,平安银行,12.05,12.17,11.9,12.17,12.23,-0.18,-1.4718,0.5741,67763439,815652760.5,1.72E+11,1.42E+11
2015/8/19,'000001,平安银行,12.23,12.23,11.9,12.1,12.27,-0.04,-0.326,0.8123,95889423,1157078548,1.75E+11,1.44E+11
2015/8/18,'000001,平安银行,12.27,12.74,11.95,12.5,12.54,-0.27,-2.1531,0.9965,117632441,1459671045,1.76E+11,1.45E+11
2015/8/17,'000001,平安银行,12.54,12.69,12.45,12.61,12.64,-0.1,-0.7911,0.5758,67964257,852588992,1.79E+11,1.48E+11
2015/8/14,'000001,平安银行,12.64,12.75,12.58,12.69,12.57,0.07,0.5569,0.6979,82378929,1043762738,1.81E+11,1.49E+11
2015/8/13,'000001,平安银行,12.57,12.67,12.42,12.51,12.57,0,0,0.5137,60634441,760265710.3,1.80E+11,1.48E+11
2015/8/12,'000001,平安银行,12.57,12.77,12.56,12.69,12.84,-0.27,-2.1028,0.5819,68682207,869580822.8,1.80E+11,1.48E+11
2015/8/11,'000001,平安银行,12.84,12.95,12.79,12.91,12.92,-0.08,-0.6192,0.7019,82849336,1065323949,1.84E+11,1.52E+11
2015/8/10,'000001,平安银行,12.92,12.99,12.55,12.66,12.61,0.31,2.4584,0.8922,105311195,1346325151,1.85E+11,1.53E+11
2015/8/7,'000001,平安银行,12.61,12.72,12.54,12.61,12.53,0.08,0.6385,0.5269,62201030,785501392,1.80E+11,1.49E+11
2015/8/6,'000001,平安银行,12.53,12.73,12.43,12.5,12.59,-0.06,-0.4766,0.3814,45021845,567208519.2,1.79E+11,1.48E+11
2015/8/5,'000001,平安银行,12.59,12.95,12.57,12.8,12.86,-0.27,-2.0995,0.4675,55180237,704539354.3,1.80E+11,1.49E+11
2015/8/4,'000001,平安银行,12.86,12.99,12.59,12.77,12.82,0.04,0.312,0.6565,77493758,988843500.5,1.84E+11,1.52E+11
2015/8/3,'000001,平安银行,12.82,12.85,12.15,12.2,12.36,0.46,3.7217,1.1904,140512271,1757739733,1.83E+11,1.51E+11
2015/7/31,'000001,平安银行,12.36,12.42,12.02,12.16,12.26,0.1,0.8157,1.0189,120274687,1472860296,1.77E+11,1.46E+11
2015/7/30,'000001,平安银行,12.26,12.64,12.23,12.61,12.6,-0.34,-2.6984,0.6526,77027894,962337460.8,1.75E+11,1.45E+11
2015/7/29,'000001,平安银行,12.6,12.62,12.38,12.6,12.62,-0.02,-0.1585,0.8232,97168292,1210759096,1.80E+11,1.49E+11
2015/7/28,'000001,平安银行,12.62,12.76,12.15,12.19,12.44,0.18,1.4469,1.7038,201120081,2509971532,1.81E+11,1.49E+11
2015/7/27,'000001,平安银行,12.44,13.32,12.04,13.25,13.38,-0.94,-7.0254,1.5146,178785918,2289450165,1.78E+11,1.47E+11
2015/7/24,'000001,平安银行,13.38,13.7,13.32,13.68,13.67,-0.29,-2.1214,1.1346,133930997,1815658962,1.91E+11,1.58E+11
2015/7/23,'000001,平安银行,13.67,13.75,13.41,13.46,13.52,0.15,1.1095,1.2569,148369614,2022035341,1.96E+11,1.61E+11
2015/7/22,'000001,平安银行,13.52,13.54,13.34,13.49,13.57,-0.05,-0.3685,0.9642,113809062,1528783831,1.93E+11,1.60E+11
2015/7/21,'000001,平安银行,13.57,13.64,13.38,13.51,13.6,-0.03,-0.2206,0.9587,113164352,1529148267,1.94E+11,1.60E+11
2015/7/20,'000001,平安银行,13.6,13.8,13.53,13.8,13.82,-0.22,-1.5919,1.151,135868308,1852316441,1.95E+11,1.61E+11
2015/7/17,'000001,平安银行,13.82,13.94,13.53,13.66,13.6,0.22,1.6176,1.4238,168063766,2304999342,1.98E+11,1.63E+11
2015/7/16,'000001,平安银行,13.6,13.76,13.42,13.6,13.58,0.02,0.1473,1.1767,138893985,1884221625,1.95E+11,1.61E+11
2015/7/15,'000001,平安银行,13.58,13.96,13.4,13.66,13.87,-0.29,-2.0908,1.3778,162642318,2225696913,1.94E+11,1.60E+11
2015/7/14,'000001,平安银行,13.87,14.38,13.51,14.2,14.44,-0.57,-3.9474,2.1859,258022955,3608580676,1.98E+11,1.64E+11
2015/7/13,'000001,平安银行,14.44,14.89,14.12,14.4,14.86,-0.42,-2.8264,2.7687,326819605,4737400471,2.07E+11,1.70E+11
2015/7/10,'000001,平安银行,14.86,15.36,13.61,13.85,14.26,0.6,4.2076,3.9402,465098778,6891581207,2.13E+11,1.75E+11
2015/7/9,'000001,平安银行,14.26,14.44,12.11,13.19,13.19,1.07,8.1122,3.6804,434435542,5904698617,2.04E+11,1.68E+11
2015/7/8,'000001,平安银行,13.19,14,13.19,13.81,14.65,-1.46,-9.9659,4.233,499669694,6762103351,1.89E+11,1.56E+11
2015/7/7,'000001,平安银行,14.65,14.65,13.21,13.66,13.88,0.77,5.5476,4.0734,480831189,6808003723,2.10E+11,1.73E+11
2015/7/6,'000001,平安银行,13.88,14.31,13.29,14.3,13.07,0.81,6.1974,2.8647,338152667,4660186339,1.99E+11,1.64E+11
2015/7/3,'000001,平安银行,13.07,13.99,12.79,13.98,13.75,-0.68,-4.9455,2.2005,259745820,3473335630,1.87E+11,1.54E+11
2015/7/2,'000001,平安银行,13.75,14.31,13.38,13.9,13.92,-0.17,-1.2213,1.6798,198282626,2762337228,1.97E+11,1.62E+11
2015/7/1,'000001,平安银行,13.92,14.59,13.74,14.35,14.54,-0.62,-4.2641,1.5549,183540616,2629096356,1.99E+11,1.64E+11
2015/6/30,'000001,平安银行,14.54,14.54,13.38,13.54,13.56,0.98,7.2271,2.1587,254810313,3572978441,2.08E+11,1.72E+11
2015/6/29,'000001,平安银行,13.56,14.15,12.75,14.08,13.77,-0.21,-1.5251,2.2136,261294320,3570319306,1.94E+11,1.60E+11
2015/6/26,'000001,平安银行,13.77,14.95,13.38,14.64,14.87,-1.1,-7.3974,2.1648,255532175,3623880485,1.97E+11,1.63E+11
2015/6/25,'000001,平安银行,14.87,15.63,14.76,15.58,15.12,-0.25,-1.6534,1.7614,207916488,3179774393,2.13E+11,1.76E+11
2015/6/24,'000001,平安银行,15.12,15.13,14.7,15,14.95,0.17,1.1371,1.2979,153199612,2290363605,2.16E+11,1.78E+11
2015/6/23,'000001,平安银行,14.95,14.97,14.11,14.64,14.63,0.32,2.1873,1.5295,180548812,2643179924,2.14E+11,1.76E+11
2015/6/19,'000001,平安银行,14.63,15.39,14.5,15.25,15.38,-0.75,-4.8765,1.3263,156552048,2345768674,2.09E+11,1.73E+11
2015/6/18,'000001,平安银行,15.38,15.68,15.01,15.68,15.73,-0.35,-2.225,1.3576,160255482,2468466177,2.20E+11,1.82E+11
2015/6/17,'000001,平安银行,15.73,15.89,15.45,15.83,15.64,0.09,0.5754,1.4537,171594225,2689990222,2.25E+11,1.86E+11
2015/6/16,'000001,平安银行,15.64,16.06,15.5,15.8,15.92,-0.28,-1.7588,1.5352,181217984,2858213721,2.24E+11,1.85E+11
2015/6/15,'000001,平安银行,15.92,16.6,15.9,16.53,16.51,-0.59,-3.5736,1.8571,219217661,3547149535,2.28E+11,1.88E+11
2015/6/12,'000001,平安银行,16.51,16.63,16.31,16.48,16.48,0.03,0.182,1.6125,190338879,3131996559,2.36E+11,1.95E+11
2015/6/11,'000001,平安银行,16.48,16.77,16.35,16.68,16.68,-0.2,-1.199,1.4461,170696045,2811189687,2.36E+11,1.95E+11
2015/6/10,'000001,平安银行,16.68,16.93,16.53,16.8,16.98,-0.3,-1.7668,1.8624,219838655,3679460605,2.39E+11,1.97E+11
2015/6/9,'000001,平安银行,16.98,17.45,16.68,17.36,17.29,-0.31,-1.7929,2.7846,328696753,5601775951,2.43E+11,2.00E+11
2015/6/8,'000001,平安银行,17.29,17.45,16.19,16.32,16.3,0.99,6.0736,4.3087,508605027,8596942094,2.47E+11,2.04E+11
2015/6/5,'000001,平安银行,16.3,16.8,16.03,16.7,16.37,-0.07,-0.4276,2.419,285545624,4681142526,2.33E+11,1.92E+11
2015/6/4,'000001,平安银行,16.37,16.58,15.66,15.85,15.83,0.54,3.4112,3.1197,368253272,5971846071,2.34E+11,1.93E+11
2015/6/3,'000001,平安银行,15.83,15.95,15.5,15.77,15.77,0.06,0.3805,1.6733,197523179,3103860651,2.27E+11,1.87E+11
2015/6/2,'000001,平安银行,15.77,15.9,15.52,15.89,15.9,-0.13,-0.8176,1.6137,190482203,2991564978,2.26E+11,1.86E+11
2015/6/1,'000001,平安银行,15.9,15.98,15.19,15.33,15.32,0.58,3.7859,1.8285,215836230,3365459275,2.28E+11,1.88E+11
2015/5/29,'000001,平安银行,15.32,15.67,15.11,15.51,15.5,-0.18,-1.1613,1.707,201493291,3103543671,2.19E+11,1.81E+11
2015/5/28,'000001,平安银行,15.5,16.51,15.43,16.5,16.48,-0.98,-5.9466,2.3154,273306115,4404154743,2.22E+11,1.83E+11
2015/5/27,'000001,平安银行,16.48,16.91,16.4,16.62,16.62,-0.14,-0.8424,1.9834,234121774,3888992246,2.36E+11,1.95E+11
2015/5/26,'000001,平安银行,16.62,16.7,16.28,16.63,16.6,0.02,0.1205,2.3655,279220875,4607493714,2.38E+11,1.96E+11
2015/5/25,'000001,平安银行,16.6,16.71,16.35,16.35,16.27,0.33,2.0283,2.3131,273036950,4518316428,2.38E+11,1.96E+11
2015/5/22,'000001,平安银行,16.27,16.3,15.82,15.91,15.79,0.48,3.0399,2.2212,262190776,4233675705,2.33E+11,1.92E+11
2015/5/21,'000001,平安银行,15.79,15.89,15.62,15.8,15.74,0.05,0.3177,1.191,140584660,2214024936,2.26E+11,1.86E+11
2015/5/20,'000001,平安银行,15.74,16.15,15.6,16.01,15.59,0.15,0.9622,2.1939,258966691,4115472698,2.25E+11,1.86E+11
2015/5/19,'000001,平安银行,15.59,15.74,15.05,15.17,15.18,0.41,2.7009,1.6247,191781267,2959557085,2.14E+11,1.84E+11
2015/5/18,'000001,平安银行,15.18,15.35,14.97,15.2,15.45,-0.27,-1.7476,1.3022,153708421,2327558366,2.08E+11,1.79E+11
2015/5/15,'000001,平安银行,15.45,15.88,15.27,15.8,15.89,-0.44,-2.769,1.4848,175271651,2718885236,2.12E+11,1.82E+11
2015/5/14,'000001,平安银行,15.89,16.05,15.69,16,15.88,0.01,0.063,1.2182,143802764,2283604814,2.18E+11,1.88E+11
2015/5/13,'000001,平安银行,15.88,16.25,15.74,16.18,15.96,-0.08,-0.5013,1.4881,175656158,2807445576,2.18E+11,1.87E+11
2015/5/12,'000001,平安银行,15.96,16.18,15.65,15.98,16.03,-0.07,-0.4367,1.6856,198965559,3166864485,2.19E+11,1.88E+11
2015/5/11,'000001,平安银行,16.03,16.12,15.49,15.8,15.85,0.18,1.1356,1.7986,212307724,3349066840,2.20E+11,1.89E+11
2015/5/8,'000001,平安银行,15.85,15.98,15.5,15.71,15.67,0.18,1.1487,1.1644,137446840,2163108920,2.17E+11,1.87E+11
2015/5/7,'000001,平安银行,15.67,15.88,15.5,15.72,15.72,-0.05,-0.3181,1.0663,125870751,1968941844,2.15E+11,1.85E+11
2015/5/6,'000001,平安银行,15.72,16.3,15.49,15.82,15.86,-0.14,-0.8827,1.6519,194991108,3107565652,2.16E+11,1.86E+11
2015/5/5,'000001,平安银行,15.86,16.52,15.5,16.41,16.52,-0.66,-3.9952,1.9479,229934173,3685372405,2.17E+11,1.87E+11
2015/5/4,'000001,平安银行,16.52,16.7,16.28,16.7,16.7,-0.18,-1.0778,1.2094,142757511,2351547449,2.26E+11,1.95E+11
2015/4/30,'000001,平安银行,16.7,17.26,16.68,16.83,16.65,0.05,0.3003,2.4488,289063541,4899379904,2.29E+11,1.97E+11
2015/4/29,'000001,平安银行,16.65,16.75,16.2,16.66,16.7,-0.05,-0.2994,1.8224,215118839,3550493337,2.28E+11,1.97E+11
2015/4/28,'000001,平安银行,16.7,17.38,16.22,16.45,16.42,0.28,1.7052,4.0355,476354406,8014319270,2.29E+11,1.97E+11
2015/4/27,'000001,平安银行,16.42,16.6,16.2,16.21,16.14,0.28,1.7348,2.0845,246056358,4027939225,2.25E+11,1.94E+11
2015/4/24,'000001,平安银行,16.14,16.51,16.01,16.3,16.66,-0.52,-3.1212,2.0695,244283692,3959606490,2.21E+11,1.91E+11
2015/4/23,'000001,平安银行,16.66,17.04,16.56,16.98,16.95,-0.29,-1.7109,1.9652,231968840,3893522074,2.28E+11,1.97E+11
2015/4/22,'000001,平安银行,16.95,16.98,16.5,16.58,16.56,0.39,2.3551,2.3493,277314172,4640335830,2.32E+11,2.00E+11
2015/4/21,'000001,平安银行,16.56,16.7,15.98,16.32,16.3,0.26,1.5951,2.0467,241593696,3943357049,2.27E+11,1.95E+11
2015/4/20,'000001,平安银行,16.3,17.2,16.16,17.1,16.93,-0.63,-3.7212,2.9204,344725740,5776437953,2.23E+11,1.92E+11
2015/4/17,'000001,平安银行,16.93,17.5,16.8,17.5,17,-0.07,-0.4118,2.2107,260952337,4447333030,2.32E+11,2.00E+11
2015/4/16,'000001,平安银行,17,17.1,16.25,16.34,16.65,0.35,2.1021,2.0903,246740721,4102824562,2.33E+11,2.01E+11
2015/4/15,'000001,平安银行,16.65,17.28,16.1,16.3,16.3,0.35,2.1472,2.8953,341764203,5746875159,2.28E+11,1.97E+11
2015/4/14,'000001,平安银行,16.3,16.5,16.1,16.5,16.54,-0.24,-1.451,2.0945,247237501,4020209605,2.23E+11,1.92E+11
2015/4/13,'000001,平安银行,16.54,17.16,16.15,17,16.36,0.18,1.1002,4.0725,480715321,8021097202,2.27E+11,1.95E+11
2015/4/10,'000001,平安银行,19.8,19.8,17.85,18,18,1.8,10,3.3957,334020979,6339648863,2.26E+11,1.95E+11
2015/4/9,'000001,平安银行,18,19.05,17.73,17.95,17.92,0.08,0.4464,3.2257,317306325,5794631957,2.06E+11,1.77E+11
2015/4/8,'000001,平安银行,17.92,18.08,16.65,16.93,16.81,1.11,6.6032,3.4276,337164631,5784459039,2.05E+11,1.76E+11
2015/4/7,'000001,平安银行,16.81,16.96,16.15,16.15,15.85,0.96,6.0568,3.0096,296047228,4898119463,1.92E+11,1.65E+11
2015/4/3,'000001,平安银行,15.85,15.94,15.61,15.7,15.8,0.05,0.3165,1.4588,143494132,2262844473,1.81E+11,1.56E+11
2015/4/2,'000001,平安银行,15.8,16.14,15.62,16.09,15.96,-0.16,-1.0025,1.4292,140583742,2222670593,1.81E+11,1.55E+11
2015/4/1,'000001,平安银行,15.96,16.14,15.55,15.82,15.75,0.21,1.3333,1.6706,164331641,2608976850,1.82E+11,1.57E+11
2015/3/31,'000001,平安银行,15.75,16.6,15.63,16.04,15.66,0.09,0.5747,2.7786,273318321,4393135215,1.80E+11,1.55E+11
2015/3/30,'000001,平安银行,15.66,15.94,15.1,15.23,15.08,0.58,3.8462,2.6255,258261368,4014724426,1.79E+11,1.54E+11
2015/3/27,'000001,平安银行,15.08,15.29,14.86,15.1,15.11,-0.03,-0.1985,1.065,104763887,1577607058,1.72E+11,1.48E+11
2015/3/26,'000001,平安银行,15.11,15.42,14.71,14.86,14.91,0.2,1.3414,1.5126,148789158,2246003758,1.73E+11,1.49E+11
2015/3/25,'000001,平安银行,14.91,15.32,14.89,15.28,15.35,-0.44,-2.8664,1.6179,159146801,2396613997,1.70E+11,1.47E+11
2015/3/24,'000001,平安银行,15.35,15.59,15.22,15.43,15.43,-0.08,-0.5185,1.5851,155919347,2396553386,1.75E+11,1.51E+11
2015/3/23,'000001,平安银行,15.43,15.56,15.33,15.33,15.32,0.11,0.718,1.8116,178205583,2750596675,1.76E+11,1.52E+11
2015/3/20,'000001,平安银行,15.32,15.55,15.06,15.19,15.19,0.13,0.8558,2.0092,197639447,3027315328,1.75E+11,1.51E+11
2015/3/19,'000001,平安银行,15.19,15.48,15.12,15.48,15.51,-0.32,-2.0632,1.6065,158030028,2413982124,1.74E+11,1.49E+11
2015/3/18,'000001,平安银行,15.51,15.58,15.29,15.36,15.4,0.11,0.7143,1.8614,183100067,2823982778,1.77E+11,1.53E+11
2015/3/17,'000001,平安银行,15.4,15.8,15.25,15.51,15.41,-0.01,-0.0649,1.9924,195984187,3020408698,1.76E+11,1.51E+11
2015/3/16,'000001,平安银行,15.41,15.5,14.92,15.1,14.99,0.42,2.8019,2.2553,221847246,3387198610,1.76E+11,1.52E+11
2015/3/13,'000001,平安银行,14.99,15.61,14.8,14.9,14.6,0.39,2.6712,3.2165,316398835,4799935195,1.71E+11,1.47E+11
2015/3/12,'000001,平安银行,14.6,14.96,14.08,14.2,13.86,0.74,5.3391,3.36,330513720,4805590363,1.67E+11,1.44E+11
2015/3/11,'000001,平安银行,13.86,14.08,13.79,13.79,13.77,0.09,0.6536,0.9183,90335413,1258356122,1.58E+11,1.36E+11
2015/3/10,'000001,平安银行,13.77,14.12,13.77,14,14.15,-0.38,-2.6855,1.4087,138570630,1927581939,1.57E+11,1.35E+11
2015/3/9,'000001,平安银行,14.15,14.34,13.32,13.47,13.44,0.71,5.2827,2.2419,220532361,3067985541,1.62E+11,1.39E+11
2015/3/6,'000001,平安银行,13.44,13.51,13.35,13.37,13.38,0.06,0.4484,0.5663,55704774,748959127.7,1.54E+11,1.32E+11
2015/3/5,'000001,平安银行,13.38,13.53,13.29,13.5,13.57,-0.19,-1.4001,0.8424,82860485,1109151960,1.53E+11,1.32E+11
2015/3/4,'000001,平安银行,13.57,13.72,13.5,13.62,13.6,-0.03,-0.2206,0.8285,81497304,1108145419,1.55E+11,1.33E+11
2015/3/3,'000001,平安银行,13.6,13.98,13.59,13.98,14.03,-0.43,-3.0649,1.0771,105947629,1457305035,1.55E+11,1.34E+11
2015/3/2,'000001,平安银行,14.03,14.09,13.87,14.03,13.99,0.04,0.2859,1.0357,101879700,1423603269,1.60E+11,1.38E+11
2015/2/27,'000001,平安银行,13.99,14.16,13.96,14.06,14.07,-0.08,-0.5686,0.8067,79357014,1115146053,1.60E+11,1.38E+11
2015/2/26,'000001,平安银行,14.07,14.08,13.6,13.8,13.8,0.27,1.9565,1.0426,102554424,1424064862,1.61E+11,1.38E+11
2015/2/25,'000001,平安银行,13.8,14.05,13.76,14.04,13.99,-0.19,-1.3581,0.587,57739233,799193628.9,1.58E+11,1.36E+11
2015/2/17,'000001,平安银行,13.99,14.11,13.93,13.96,13.92,0.07,0.5029,0.6918,68049159,954430237.8,1.60E+11,1.38E+11
2015/2/16,'000001,平安银行,13.92,14.01,13.73,13.95,13.95,-0.03,-0.2151,0.7332,72120239,999898468.8,1.59E+11,1.37E+11
2015/2/13,'000001,平安银行,13.95,14.18,13.84,13.93,13.86,0.09,0.6494,0.9025,88774310,1244514794,1.59E+11,1.37E+11
2015/2/12,'000001,平安银行,13.86,13.9,13.62,13.75,13.73,0.13,0.9468,0.6188,60871568,838611239.4,1.58E+11,1.36E+11
2015/2/11,'000001,平安银行,13.73,13.85,13.68,13.78,13.77,-0.04,-0.2905,0.5636,55434951,763414581.5,1.57E+11,1.35E+11
2015/2/10,'000001,平安银行,13.77,13.82,13.42,13.49,13.52,0.25,1.8491,0.7369,72487537,991823743.8,1.57E+11,1.35E+11
2015/2/9,'000001,平安银行,13.52,13.68,13.22,13.5,13.51,0.01,0.074,0.9623,94658628,1273141160,1.54E+11,1.33E+11
2015/2/6,'000001,平安银行,13.51,13.95,13.4,13.69,13.79,-0.28,-2.0305,1.0475,103040856,1411298590,1.54E+11,1.33E+11
2015/2/5,'000001,平安银行,13.79,14.43,13.76,14.3,13.71,0.08,0.5835,1.9455,191372916,2710523886,1.58E+11,1.36E+11
2015/2/4,'000001,平安银行,13.71,14.04,13.7,14,13.95,-0.24,-1.7204,0.821,80762311,1122666755,1.57E+11,1.35E+11
2015/2/3,'000001,平安银行,13.95,13.99,13.62,13.78,13.63,0.32,2.3478,0.898,88334914,1217876590,1.59E+11,1.37E+11
2015/2/2,'000001,平安银行,13.63,13.8,13.55,13.6,13.93,-0.3,-2.1536,0.8752,86093216,1176949560,1.56E+11,1.34E+11
2015/1/30,'000001,平安银行,13.93,14.12,13.76,13.93,13.9,0.03,0.2158,0.9456,93011669,1298735719,1.59E+11,1.37E+11
2015/1/29,'000001,平安银行,13.9,14.01,13.75,13.82,14.06,-0.16,-1.138,1.0336,101675329,1408825356,1.59E+11,1.37E+11
2015/1/28,'000001,平安银行,14.06,14.3,13.8,13.87,13.99,0.07,0.5004,1.2615,124087755,1742175736,1.61E+11,1.38E+11
2015/1/27,'000001,平安银行,13.99,14.37,13.83,14.35,14.34,-0.35,-2.4407,1.3617,133949466,1881058965,1.60E+11,1.38E+11
2015/1/26,'000001,平安银行,14.34,14.44,14.16,14.36,14.4,-0.06,-0.4167,1.0752,105760580,1508446593,1.64E+11,1.41E+11
2015/1/23,'000001,平安银行,14.4,14.63,14.3,14.36,14.3,0.1,0.6993,1.4834,145918192,2108746796,1.65E+11,1.42E+11
2015/1/22,'000001,平安银行,14.3,14.52,14.16,14.34,14.42,-0.12,-0.8322,1.2758,125501611,1801436255,1.63E+11,1.41E+11
2015/1/21,'000001,平安银行,14.42,14.6,13.75,13.88,13.83,0.59,4.2661,1.9727,194053037,2758192757,1.65E+11,1.42E+11
2015/1/20,'000001,平安银行,13.83,14.06,13.56,13.83,13.83,0,0,1.5158,149101811,2064280555,1.58E+11,1.36E+11
2015/1/19,'000001,平安银行,13.83,14.57,13.83,14.01,15.37,-1.54,-10.0195,2.1726,213712366,3016203087,1.58E+11,1.36E+11
2015/1/16,'000001,平安银行,15.37,15.62,15.18,15.4,15.35,0.02,0.1303,1.5817,155584633,2403346195,1.76E+11,1.51E+11
2015/1/15,'000001,平安银行,15.35,15.35,14.71,14.85,14.81,0.54,3.6462,1.2628,124217032,1868795910,1.75E+11,1.51E+11
2015/1/14,'000001,平安银行,14.81,15.2,14.7,14.78,14.68,0.13,0.8856,1.284,126302964,1889296679,1.69E+11,1.46E+11
2015/1/13,'000001,平安银行,14.68,14.9,14.61,14.65,14.77,-0.09,-0.6093,0.8304,81687477,1204987149,1.68E+11,1.44E+11
2015/1/12,'000001,平安银行,14.77,15.05,14.5,14.87,15.08,-0.31,-2.0557,1.5791,155329086,2293104602,1.69E+11,1.45E+11
2015/1/9,'000001,平安银行,15.08,15.87,14.71,14.9,14.96,0.12,0.8021,2.5501,250850023,3835378100,1.72E+11,1.48E+11
2015/1/8,'000001,平安银行,14.96,15.57,14.9,15.5,15.48,-0.52,-3.3592,1.4311,140771421,2128003432,1.71E+11,1.47E+11
2015/1/7,'000001,平安银行,15.48,15.83,15.3,15.56,15.78,-0.3,-1.9011,1.7283,170012067,2634796409,1.77E+11,1.52E+11
2015/1/6,'000001,平安银行,15.78,16.39,15.55,15.85,16.02,-0.24,-1.4981,2.2024,216642140,3453446168,1.80E+11,1.55E+11
2015/1/5,'000001,平安银行,16.02,16.28,15.6,15.99,15.84,0.18,1.1364,2.9079,286043643,4565387846,1.83E+11,1.58E+11
2014/12/31,'000001,平安银行,15.84,15.88,15.3,15.61,15.5,0.34,2.1935,2.4399,240006571,3760218244,1.81E+11,1.56E+11
2014/12/30,'000001,平安银行,15.5,15.59,14.87,14.93,14.92,0.58,3.8874,2.4054,236607838,3637484229,1.77E+11,1.52E+11
2014/12/29,'000001,平安银行,14.92,16.05,14.75,15.61,15.1,-0.18,-1.1921,2.6291,258614817,3983923218,1.70E+11,1.47E+11
2014/12/26,'000001,平安银行,15.1,15.18,14.52,14.61,14.69,0.41,2.791,2.4775,243707335,3625690256,1.73E+11,1.49E+11
2014/12/25,'000001,平安银行,14.69,14.75,14.04,14.35,14.07,0.62,4.4065,2.0304,199727585,2887581453,1.68E+11,1.45E+11
2014/12/24,'000001,平安银行,14.07,14.85,13.68,14.74,14.75,-0.68,-4.6102,2.0436,201027102,2854207876,1.61E+11,1.38E+11
2014/12/23,'000001,平安银行,14.75,15.28,14.5,14.99,15.34,-0.59,-3.8462,1.8277,179785079,2688160568,1.69E+11,1.45E+11
2014/12/22,'000001,平安银行,15.34,16.16,14.81,14.9,15,0.34,2.2667,3.5249,346739124,5383744726,1.75E+11,1.51E+11
2014/12/19,'000001,平安银行,15,15.19,14.44,14.82,14.89,0.11,0.7388,1.9675,193540582,2880581194,1.71E+11,1.48E+11
2014/12/18,'000001,平安银行,14.89,15.55,14.6,15.41,15.36,-0.47,-3.0599,2.5113,247025090,3714889569,1.70E+11,1.46E+11
2014/12/17,'000001,平安银行,15.36,15.67,14.2,14.4,14.39,0.97,6.7408,4.4732,440016616,6579202397,1.75E+11,1.51E+11
2014/12/16,'000001,平安银行,14.39,14.39,13.44,13.5,13.58,0.81,5.9647,2.5101,246907293,3433988619,1.64E+11,1.42E+11
2014/12/15,'000001,平安银行,13.58,13.75,13.27,13.75,13.94,-0.36,-2.5825,1.8308,180093658,2428185627,1.55E+11,1.34E+11
2014/12/12,'000001,平安银行,13.94,14.2,13.68,13.9,13.92,0.02,0.1437,1.6712,164390907,2291244467,1.59E+11,1.37E+11
2014/12/11,'000001,平安银行,13.92,14.58,13.69,13.81,14.19,-0.27,-1.9027,2.2751,223799566,3153661816,1.59E+11,1.37E+11
2014/12/10,'000001,平安银行,14.19,14.36,13.02,13.6,13.71,0.48,3.5011,3.5864,352784430,4800983039,1.62E+11,1.40E+11
2014/12/9,'000001,平安银行,13.71,15.53,13.71,14.96,15.23,-1.52,-9.9803,4.1126,404542011,6002900099,1.57E+11,1.35E+11
2014/12/8,'000001,平安银行,15.23,15.5,14,14.21,14.53,0.7,4.8176,3.9935,392834253,5883664422,1.74E+11,1.50E+11
2014/12/5,'000001,平安银行,14.53,15.23,13.52,14.05,13.96,0.57,4.0831,4.487,441369720,6338168165,1.66E+11,1.43E+11
2014/12/4,'000001,平安银行,13.96,13.97,12.9,13.14,13.1,0.86,6.5649,3.5074,345018080,4674284955,1.59E+11,1.37E+11
2014/12/3,'000001,平安银行,13.1,13.89,12.71,13.12,13.12,-0.02,-0.1524,4.0639,399753009,5328329996,1.50E+11,1.29E+11
2014/12/2,'000001,平安银行,13.12,13.4,12.08,12.14,12.19,0.93,7.6292,3.5483,349041143,4436545276,1.50E+11,1.29E+11
2014/12/1,'000001,平安银行,12.19,13.04,12.15,12.6,12.44,-0.25,-2.0096,4.5393,446521364,5600612225,1.39E+11,1.20E+11
2014/11/28,'000001,平安银行,12.44,12.44,11.18,11.27,11.31,1.13,9.9912,4.9253,484483936,5793392235,1.42E+11,1.22E+11
2014/11/27,'000001,平安银行,11.31,11.51,11.12,11.35,11.21,0.1,0.8921,2.1388,210385672,2386849900,1.29E+11,1.11E+11
2014/11/26,'000001,平安银行,11.21,11.37,10.92,10.99,10.98,0.23,2.0947,2.2212,218491865,2437181272,1.28E+11,1.10E+11
2014/11/25,'000001,平安银行,10.98,11.02,10.69,10.75,10.78,0.2,1.8553,1.5938,156780267,1704413982,1.25E+11,1.08E+11
2014/11/24,'000001,平安银行,10.78,10.95,10.52,10.61,10.8,-0.02,-0.1852,2.2643,222736851,2397290890,1.23E+11,1.06E+11
2014/11/21,'000001,平安银行,10.8,10.86,10.5,10.62,10.63,0.17,1.5992,1.1658,114673198,1223438985,1.23E+11,1.06E+11
2014/11/20,'000001,平安银行,10.63,10.69,10.5,10.58,10.63,0,0,0.6949,68354463,724359504.6,1.21E+11,1.05E+11
